-- Preparando todo antes de crear la base de datos.
SET NOCOUNT ON;
PRINT FORMAT(getdate(), 'dd/MM/yyyy HH:mm') + ' Iniciando script.';
GO
USE master;
GO
PRINT FORMAT(getdate(), 'dd/MM/yyyy HH:mm') + ' Cambiando a ' + db_name();
GO
CREATE OR ALTER TRIGGER trgMonitorizaBaseDeDatos   
ON ALL SERVER   
FOR CREATE_DATABASE, drop_database    
AS   
BEGIN
    SET NOCOUNT ON;
    DECLARE @InfoEvento XML, @Objeto NVARCHAR(max);
    SET @InfoEvento = EVENTDATA();
    SET @Objeto = @InfoEvento.value('(/EVENT_INSTANCE/TSQLCommand/CommandText)[1]', 'varchar(500)');
    PRINT FORMAT(getdate(), 'dd/MM/yyyy HH:mm') + ' ' + @Objeto + '.';
END;
GO

-- Creando la base de datos y sus elementos.
DROP DATABASE IF EXISTS relVentasCelular
GO
CREATE DATABASE relVentasCelular
GO
USE relVentasCelular;
PRINT FORMAT(getdate(), 'dd/MM/yyyy HH:mm') + ' Cambiando a ' + db_name();
GO
CREATE TRIGGER trgDBMonitor ON DATABASE 
FOR CREATE_TABLE, ALTER_TABLE, DROP_TABLE  
  AS
BEGIN
    SET NOCOUNT ON;
    DECLARE @InfoEvento XML,@Accion VARCHAR(500),@Objeto VARCHAR(500);
    SET @InfoEvento = EVENTDATA();
    SET @Accion = @InfoEvento.value('(/EVENT_INSTANCE/EventType)[1]', 'varchar(500)');
    SET @Objeto = @InfoEvento.value('(/EVENT_INSTANCE/SchemaName)[1]', 'varchar(250)') 
                   +'.'
                   +@InfoEvento.value('(/EVENT_INSTANCE/ObjectName)[1]', 'varchar(250)');
    PRINT FORMAT(getdate(), 'dd/MM/yyyy HH:mm') + ' ' + @accion + ' ' + @Objeto + '.';
END;
GO


-- Creando las tablas de la base de datos.
CREATE TABLE dbo.region
(
    ID_REGION      TINYINT     IDENTITY(1,1) NOT NULL,
    NOMBRE_REGION  VARCHAR(75) NOT NULL,
    numero_region  TINYINT     NOT NULL,
    capital_region VARCHAR(50) NOT NULL,
    CONSTRAINT region_PK PRIMARY KEY (ID_REGION)
)
GO

CREATE TABLE dbo.provincia
(
    ID_PROVINCIA     TINYINT     NOT NULL,
    ID_REGION        TINYINT     NOT NULL,
    NOMBRE_PROVINCIA VARCHAR(30) NOT NULL,
    CONSTRAINT provincia_PK PRIMARY KEY ( ID_PROVINCIA),
    CONSTRAINT provincia_region_FK FOREIGN KEY ( ID_REGION)
    REFERENCES dbo.region (ID_REGION)
)
GO

CREATE TABLE dbo.comuna
(
    ID_COMUNA     INT         NOT NULL,
    ID_PROVINCIA  TINYINT     NOT NULL,
    NOMBRE_COMUNA VARCHAR(40) NOT NULL,
    CONSTRAINT comuna_PK PRIMARY KEY (ID_COMUNA),
    CONSTRAINT comuna_provincia_FK FOREIGN KEY (ID_PROVINCIA)
    REFERENCES dbo.provincia  (ID_PROVINCIA)
)
GO

CREATE TABLE dbo.empresa
(
    ID_EMPRESA          INT          IDENTITY(1,1) NOT NULL,
    NOMBRE_EMPRESA      VARCHAR(50)  NOT NULL,
    RAZONSOCIAL_EMPRESA VARCHAR(100) NOT NULL,
    CONSTRAINT empresa_PK PRIMARY KEY (ID_EMPRESA)
)
GO

CREATE TABLE dbo.estado_documento
(
    ID_ESTADO        TINYINT      IDENTITY(1,1) NOT NULL,
    ESTADO_DOCUMENTO VARCHAR(100) NOT NULL,
    CONSTRAINT estado_documento_PK PRIMARY KEY (ID_ESTADO)
)
GO

CREATE TABLE dbo.marca_celular
(
    ID_MARCA INT          NOT NULL,
    MARCA    VARCHAR(100) NOT NULL,
    CONSTRAINT marca_celular_PK PRIMARY KEY (ID_MARCA)
)
GO

CREATE TABLE dbo.metodo_pago
(
    ID_METODO   TINYINT     IDENTITY(1,1) NOT NULL,
    METODO_PAGO VARCHAR(30) NOT NULL,
    CONSTRAINT metodo_pago_PK PRIMARY KEY (ID_METODO)
)
GO

CREATE TABLE dbo.modelo_celular
(
    ID_MODELO INT          NOT NULL,
    ID_MARCA  INT          NOT NULL,
    MODELO    VARCHAR(100) NOT NULL,
    CONSTRAINT modelo_celular_PK PRIMARY KEY (ID_MODELO),
    CONSTRAINT modelo_marca_PK FOREIGN KEY (ID_MARCA)
    REFERENCES dbo.marca_celular (ID_MARCA)
)
GO

CREATE TABLE dbo.plan_telefonia
(
    ID_PLAN     INT          IDENTITY(1,1) NOT NULL,
    NOMBRE_PLAN VARCHAR(20)  NOT NULL,
    COSTO_PLAN  BIGINT       NOT NULL,
    OBS_PLAN    VARCHAR(100) DEFAULT '',
    CONSTRAINT plan_PK PRIMARY KEY (ID_PLAN)
)
GO

CREATE TABLE dbo.sexo
(
    ID_SEXO TINYINT     IDENTITY(1,1) NOT NULL,
    SEXO    VARCHAR(10) NOT NULL,
    CONSTRAINT sexo_PK PRIMARY KEY (ID_SEXO)
)
GO

CREATE TABLE dbo.sucursal
(
    ID_SUCURSAL INT         IDENTITY(1,1) NOT NULL,
    ID_COMUNA   INT         NOT NULL,
    SUCURSAL    VARCHAR(50) DEFAULT '',
    CONSTRAINT sucursal_PK PRIMARY KEY (ID_SUCURSAL),
    CONSTRAINT sucursal_comuna_FK FOREIGN KEY (ID_COMUNA)
    REFERENCES dbo.comuna (ID_COMUNA)
)
GO

CREATE TABLE dbo.tipo_cliente
(
    ID_TIPO      TINYINT     IDENTITY(1,1) NOT NULL,
    TIPO_CLIENTE VARCHAR(60) NOT NULL,
    CONSTRAINT tipo_cliente_PK PRIMARY KEY (ID_TIPO)
)
GO

CREATE TABLE dbo.tipo_documento
(
    ID_TIPO        TINYINT     IDENTITY(1,1) NOT NULL,
    TIPO_DOCUMENTO VARCHAR(60) NOT NULL,
    CONSTRAINT tipo_documento_PK PRIMARY KEY (ID_TIPO)
)
GO

CREATE TABLE dbo.celular
(
    ID_CELULAR       BIGINT      IDENTITY(1,1) NOT NULL,
    ID_MODELO        INT         NOT NULL,
    NRO_CELULAR      VARCHAR(15) NOT NULL,
    fecha_activacion DATE,
    CONSTRAINT celular_PK PRIMARY KEY (ID_CELULAR),
    CONSTRAINT celular_modelo_FK FOREIGN KEY (ID_MODELO)
    REFERENCES dbo.modelo_celular (ID_MODELO)
)
GO

CREATE TABLE dbo.cliente
(
    ID_CLIENTE        BIGINT      IDENTITY(1,1) NOT NULL,
    ID_EMPRESA        INT         DEFAULT 0,
    ID_SEXO           TINYINT     NOT NULL,
    ID_TIPO           TINYINT     NOT NULL,
    NOMBRE_CLIENTE    VARCHAR(20) NOT NULL,
    APELLIDOS_CLIENTE VARCHAR(30) NOT NULL,
    FECNAC_CLIENTE    DATETIME    NOT NULL,
    CONSTRAINT cliente_PK PRIMARY KEY (ID_CLIENTE),
    CONSTRAINT cliente_empresa_FK FOREIGN KEY (ID_EMPRESA)
    REFERENCES dbo.empresa (ID_EMPRESA),
    CONSTRAINT cliente_tipocliente_FK FOREIGN KEY (ID_TIPO)
    REFERENCES dbo.tipo_cliente (ID_TIPO),
    CONSTRAINT cliente_sexo_FK FOREIGN KEY (ID_SEXO)
    REFERENCES dbo.sexo (ID_SEXO)
)
GO

CREATE TABLE dbo.empleado
(
    ID_EMPLEADO     INT         IDENTITY(1,1) NOT NULL,
    ID_SUCURSAL     INT         NOT NULL,
    NOMBRE_EMPLEADO VARCHAR(20) NOT NULL,
    FEC_INGRESOEMP  DATETIME    NOT NULL,
    CONSTRAINT empleado_PK PRIMARY KEY (ID_EMPLEADO),
    CONSTRAINT empleado_sucursal_FK FOREIGN KEY (ID_SUCURSAL)
    REFERENCES dbo.sucursal (ID_SUCURSAL)
)
GO

CREATE TABLE dbo.contrato
(
    ID_CONTRATO    BIGINT       NOT NULL,
    FOLIO_CONTRATO VARCHAR(20)  NOT NULL,
    FEC_CONTRATO   DATETIME     NOT NULL,
    OBS_CONTRATO   VARCHAR(100) DEFAULT '',
    CONSTRAINT contrato_PK PRIMARY KEY (ID_CONTRATO),
)
GO

CREATE TABLE dbo.detalle_contrato
(
    ID_CONTRATO BIGINT NOT NULL,
    ID_PLAN     INT    NOT NULL,
    ID_CELULAR  BIGINT NOT NULL,
    CONSTRAINT detallecontrato_PK PRIMARY KEY ( ID_CONTRATO, ID_PLAN, ID_CELULAR ),
    CONSTRAINT detallecontrato_contrato_FK FOREIGN KEY (ID_CONTRATO)
    REFERENCES dbo.contrato ( ID_CONTRATO ),
    CONSTRAINT detallecontrato_plan_FK FOREIGN KEY (ID_PLAN)
    REFERENCES dbo.plan_telefonia (ID_PLAN),
    CONSTRAINT detallecontrato_celular_FK FOREIGN KEY (ID_CELULAR)
    REFERENCES dbo.celular (ID_CELULAR)
)
GO

CREATE TABLE dbo.venta
(
    ID_VENTA    BIGINT       NOT NULL,
    ID_EMPLEADO INT          NOT NULL,
    ID_CLIENTE  BIGINT       NOT NULL,
    ID_CONTRATO BIGINT       NOT NULL,
    ID_METODO   TINYINT      NOT NULL,
    FEC_VENTA   DATETIME     NOT NULL,
    MONTO_VENTA BIGINT       DEFAULT 0 NOT NULL,
    OBS_VENTA   VARCHAR(100) DEFAULT '',
    CONSTRAINT venta_PK PRIMARY KEY (ID_VENTA),
    CONSTRAINT venta_empleado_FK FOREIGN KEY (ID_EMPLEADO)
   REFERENCES dbo.empleado (ID_EMPLEADO),
    CONSTRAINT venta_cliente_fk FOREIGN KEY (ID_CLIENTE) 
   REFERENCES dbo.cliente (ID_CLIENTE),
    CONSTRAINT    VENTA_CONTRATO_FK FOREIGN KEY (ID_CONTRATO) 
   REFERENCES dbo.contrato (ID_CONTRATO),
    CONSTRAINT venta_metodopago_fk FOREIGN KEY (ID_METODO)
   REFERENCES dbo.metodo_pago (ID_METODO)
)
GO

CREATE TABLE dbo.documento
(
    ID_DOCUMENTO    BIGINT      NOT NULL,
    ID_VENTA        BIGINT      NOT NULL,
    ID_TIPO         TINYINT     NOT NULL,
    ID_ESTADO       TINYINT     NOT NULL,
    FOLIO_DOCUMENTO VARCHAR(20) NOT NULL,
    FEC_EMITIDO     DATETIME    NOT NULL,
    FEC_pago        DATETIME       ,
    MONTO_DOCUMENTO BIGINT      DEFAULT 0 NOT NULL,
    CONSTRAINT documento_PK PRIMARY KEY (ID_DOCUMENTO),
    CONSTRAINT documento_venta_FK FOREIGN KEY (ID_VENTA)
    REFERENCES dbo.venta (ID_VENTA),
    CONSTRAINT documento_estadodocumento_FK FOREIGN KEY (ID_ESTADO)
   REFERENCES dbo.estado_documento (ID_ESTADO),
    CONSTRAINT documento_tipodocumento_FK FOREIGN KEY ( ID_TIPO )
   REFERENCES dbo.tipo_documento ( ID_TIPO )
)
GO
-- Insercion de registros en la base de datos.
PRINT ''
PRINT FORMAT(getdate(), 'dd/MM/yyyy HH:mm') + ' Insertando regiones.';
INSERT INTO dbo.region
    (NOMBRE_REGION, numero_region, capital_region)
VALUES
    ('I de Tarapacá', 1, 'Iquique'),
    ('II de Antofagasta', 2, 'Antofagasta'),
    ('III de Atacama', 3, 'Copiapó'),
    ('IV de Coquimbo', 4, 'Coquimbo'),
    ('V de Valparaíso', 5, 'Valparaíso'),
    ('VI del Libertador General Bernardo OHiggins', 6, 'Rancagua'),
    ('VII del Maule', 7, 'Talca'),
    ('VIII de Concepción', 8, 'Concepción'),
    ('IX de la Araucanía', 9, 'Temuco'),
    ('X de Los Lagos', 10, 'Puerto Montt'),
    ('XI de Aysén del General Carlos Ibañez del Campo', 11, 'Coyhiaique'),
    ('XII de Magallanes y de la Antártica Chilena', 12, 'Punta Arenas'),
    ('Metropolitana de Santiago', 13, 'Santiago'),
    ('XIV de Los Ríos', 14, 'Valdivia'),
    ('XV de Arica y Parinacota', 15, 'Arica'),
    ('XVI del Ñuble', 16, 'Chillán')
GO

PRINT FORMAT(getdate(), 'dd/MM/yyyy HH:mm') + ' Insertando provincias.';
INSERT INTO dbo.provincia
    ([ID_PROVINCIA], [ID_REGION], [NOMBRE_PROVINCIA])
VALUES
    (1, 12, ' Antártica Chilena '),
    (2, 2, ' Antofagasta '),
    (3, 8, ' Arauco '),
    (4, 15, ' Arica '),
    (5, 11, ' Aysén '),
    (6, 8, ' Bío Bío '),
    (7, 6, ' Cachapoal '),
    (8, 11, ' Capitán Prat '),
    (9, 6, ' Cardenal Caro '),
    (10, 7, ' Cauquenes '),
    (11, 9, ' Cautín '),
    (12, 13, ' Chacabuco '),
    (13, 3, ' Chañaral '),
    (14, 10, ' Chiloé '),
    (15, 4, ' Choapa '),
    (16, 6, ' Colchagua '),
    (17, 8, ' Concepción '),
    (18, 3, ' Copiapó '),
    (19, 13, ' Cordillera '),
    (20, 11, ' Coyhaique '),
    (21, 7, ' Curicó '),
    (22, 16, ' Diguillín '),
    (23, 2, ' El Loa '),
    (24, 4, ' Elqui '),
    (25, 11, ' General Carrera '),
    (26, 3, ' Huasco '),
    (27, 1, ' Iquique '),
    (28, 5, ' Isla de Pascua '),
    (29, 16, ' Itata '),
    (30, 4, ' Limarí '),
    (31, 7, ' Linares '),
    (32, 10, ' Llanquihue '),
    (33, 5, ' Los Andes '),
    (34, 12, ' Magallanes '),
    (35, 13, ' Maipo '),
    (36, 9, ' Malleco '),
    (37, 5, ' Marga Marga '),
    (38, 13, ' Melipilla '),
    (39, 10, ' Osorno '),
    (40, 10, ' Palena '),
    (41, 15, ' Parinacota '),
    (42, 5, ' Petorca '),
    (43, 16, ' Punilla '),
    (44, 5, ' Quillota '),
    (45, 14, ' Ranco '),
    (46, 5, ' San Antonio '),
    (47, 5, ' San Felipe de Aconcagua '),
    (48, 13, ' Santiago '),
    (49, 13, ' Talagante '),
    (50, 7, ' Talca '),
    (51, 1, ' Tamarugal '),
    (52, 12, ' Tierra del Fuego '),
    (53, 2, ' Tocopilla '),
    (54, 12, ' Última Esperanza '),
    (55, 14, ' Valdivia '),
    (56, 5, ' Valparaíso ')
GO

PRINT FORMAT(getdate(), 'dd/MM/yyyy HH:mm') + ' Insertando comunas.';
INSERT INTO dbo.comuna
    ([ID_COMUNA], [ID_PROVINCIA], [NOMBRE_COMUNA])
VALUES
    (1, 46, 'Algarrobo '),
    (2, 38, 'Alhué '),
    (3, 6, 'Alto Bío Bío '),
    (4, 26, 'Alto del Carmen '),
    (5, 27, 'Alto Hospicio '),
    (6, 14, 'Ancud '),
    (7, 24, 'Andacollo '),
    (8, 36, 'Angol '),
    (9, 1, 'Antártica '),
    (10, 2, 'Antofagasta '),
    (11, 6, 'Antuco '),
    (12, 3, 'Arauco '),
    (13, 4, 'Arica '),
    (14, 5, 'Aysén '),
    (15, 35, 'Buin '),
    (16, 22, 'Bulnes '),
    (17, 42, 'Cabildo '),
    (18, 1, 'Cabo de Hornos '),
    (19, 6, 'Cabrero '),
    (20, 23, 'Calama '),
    (21, 32, 'Calbuco '),
    (22, 18, 'Caldera '),
    (23, 35, 'Calera de Tango '),
    (24, 33, 'Calle Larga '),
    (25, 4, 'Camarones '),
    (26, 51, 'Camiña '),
    (27, 15, 'Canela '),
    (28, 3, 'Cañete '),
    (29, 11, 'Carahue '),
    (30, 46, 'Cartagena '),
    (31, 56, 'Casablanca '),
    (32, 14, 'Castro '),
    (33, 47, 'Catemu '),
    (34, 10, 'Cauquenes '),
    (35, 48, 'Cerrillos '),
    (36, 48, 'Cerro Navia '),
    (37, 40, 'Chaitén '),
    (38, 10, 'Chanco '),
    (39, 13, 'Chañaral '),
    (40, 16, 'Chépica '),
    (41, 17, 'Chiguayante '),
    (42, 25, 'Chile Chico '),
    (43, 22, 'Chillán '),
    (44, 22, 'Chillán Viejo '),
    (45, 16, 'Chimbarongo '),
    (46, 11, 'Chol Chol '),
    (47, 14, 'Chonchi '),
    (48, 5, 'Cisnes '),
    (49, 29, 'Cobquecura '),
    (50, 32, 'Cochamó '),
    (51, 8, 'Cochrane '),
    (52, 7, 'Codegua '),
    (53, 29, 'Coelemu '),
    (54, 43, 'Coihueco '),
    (55, 7, 'Coinco '),
    (56, 31, 'Colbún '),
    (57, 51, 'Colchane '),
    (58, 12, 'Colina '),
    (59, 36, 'Collipulli '),
    (60, 7, 'Coltauco '),
    (61, 30, 'Combarbalá '),
    (62, 17, 'Concepción '),
    (63, 48, 'Conchalí '),
    (64, 56, 'Concón '),
    (65, 50, 'Constitución '),
    (66, 3, 'Contulmo '),
    (67, 18, 'Copiapó '),
    (68, 24, 'Coquimbo '),
    (69, 17, 'Coronel '),
    (70, 55, 'Corral '),
    (71, 20, 'Coyhaique '),
    (72, 11, 'Cunco '),
    (73, 36, 'Curacautín '),
    (74, 38, 'Curacaví '),
    (75, 14, 'Curaco de Vélez '),
    (76, 3, 'Curanilahue '),
    (77, 11, 'Curarrehue '),
    (78, 50, 'Curepto '),
    (79, 21, 'Curicó '),
    (80, 14, 'Dalcahue '),
    (81, 13, 'Diego de Almagro '),
    (82, 7, 'Doñihue '),
    (83, 48, 'El Bosque '),
    (84, 22, 'El Carmen '),
    (85, 49, 'El Monte '),
    (86, 46, 'El Quisco '),
    (87, 46, 'El Tabo '),
    (88, 50, 'Empedrado '),
    (89, 36, 'Ercilla '),
    (90, 48, 'Estación Central '),
    (91, 17, 'Florida '),
    (92, 11, 'Freire '),
    (93, 26, 'Freirina '),
    (94, 32, 'Fresia '),
    (95, 32, 'Frutillar '),
    (96, 40, 'Futaleufú '),
    (97, 45, 'Futrono '),
    (98, 11, 'Galvarino '),
    (99, 41, 'General Lagos '),
    (100, 11, 'Gorbea '),
    (101, 7, 'Graneros '),
    (102, 5, 'Guaitecas '),
    (103, 44, 'Hijuelas '),
    (104, 40, 'Hualaihué '),
    (105, 21, 'Hualañé '),
    (106, 17, 'Hualpén '),
    (107, 17, 'Hualqui '),
    (108, 51, 'Huara '),
    (109, 26, 'Huasco '),
    (110, 48, 'Huechuraba '),
    (111, 15, 'Illapel '),
    (112, 48, 'Independencia '),
    (113, 27, 'Iquique '),
    (114, 49, 'Isla de Maipo '),
    (115, 28, 'Isla de Pascua '),
    (116, 56, 'Juan Fernández '),
    (117, 44, 'La Calera '),
    (118, 48, 'La Cisterna '),
    (119, 44, 'La Cruz '),
    (120, 9, 'La Estrella '),
    (121, 48, 'La Florida '),
    (122, 48, 'La Granja '),
    (123, 24, 'La Higuera '),
    (124, 42, 'La Ligua '),
    (125, 48, 'La Pintana '),
    (126, 48, 'La Reina '),
    (127, 24, 'La Serena '),
    (128, 45, 'La Unión '),
    (129, 45, 'Lago Ranco '),
    (130, 20, 'Lago Verde '),
    (131, 34, 'Laguna Blanca '),
    (132, 6, 'Laja '),
    (133, 12, 'Lampa '),
    (134, 55, 'Lanco '),
    (135, 7, 'Las Cabras '),
    (136, 48, 'Las Condes '),
    (137, 11, 'Lautaro '),
    (138, 3, 'Lebu '),
    (139, 21, 'Licantén '),
    (140, 37, 'Limache '),
    (141, 31, 'Linares '),
    (142, 9, 'Litueche '),
    (143, 32, 'Llanquihue '),
    (144, 47, 'Llay Llay '),
    (145, 48, 'Lo Barnechea '),
    (146, 48, 'Lo Espejo '),
    (147, 48, 'Lo Prado '),
    (148, 16, 'Lolol '),
    (149, 11, 'Loncoche '),
    (150, 31, 'Longaví '),
    (151, 36, 'Lonquimay '),
    (152, 3, 'Los Álamos '),
    (153, 33, 'Los Andes '),
    (154, 6, 'Los Ángeles '),
    (155, 55, 'Los Lagos '),
    (156, 32, 'Los Muermos '),
    (157, 36, 'Los Sauces '),
    (158, 15, 'Los Vilos '),
    (159, 17, 'Lota '),
    (160, 36, 'Lumaco '),
    (161, 7, 'Machalí '),
    (162, 48, 'Macul '),
    (163, 55, 'Máfil '),
    (164, 48, 'Maipú '),
    (165, 7, 'Malloa '),
    (166, 9, 'Marchigüe '),
    (167, 53, 'María Elena '),
    (168, 38, 'María Pinto '),
    (169, 55, 'Mariquina '),
    (170, 50, 'Maule '),
    (171, 32, 'Maullín '),
    (172, 2, 'Mejillones '),
    (173, 11, 'Melipeuco '),
    (174, 38, 'Melipilla '),
    (175, 21, 'Molina '),
    (176, 30, 'Monte Patria '),
    (177, 7, 'Mostazal '),
    (178, 6, 'Mulchén '),
    (179, 6, 'Nacimiento '),
    (180, 16, 'Nancagua '),
    (181, 9, 'Navidad '),
    (182, 6, 'Negrete '),
    (183, 29, 'Ninhue '),
    (184, 44, 'Nogales '),
    (185, 11, 'Nueva Imperial '),
    (186, 43, 'Ñiquén '),
    (187, 48, 'Ñuñoa '),
    (188, 8, 'O’Higgins '),
    (189, 7, 'Olivar '),
    (190, 23, 'Ollagüe '),
    (191, 37, 'Olmué '),
    (192, 39, 'Osorno '),
    (193, 30, 'Ovalle '),
    (194, 49, 'Padre Hurtado '),
    (195, 11, 'Padre Las Casas '),
    (196, 24, 'Paihuano '),
    (197, 55, 'Paillaco '),
    (198, 35, 'Paine '),
    (199, 40, 'Palena '),
    (200, 16, 'Palmilla '),
    (201, 55, 'Panguipulli '),
    (202, 47, 'Panquehue '),
    (203, 42, 'Papudo '),
    (204, 9, 'Paredones '),
    (205, 31, 'Parral '),
    (206, 48, 'Pedro Aguirre Cerda '),
    (207, 50, 'Pelarco '),
    (208, 10, 'Pelluhue '),
    (209, 22, 'Pemuco '),
    (210, 50, 'Pencahue '),
    (211, 17, 'Penco '),
    (212, 49, 'Peñaflor '),
    (213, 48, 'Peñalolén '),
    (214, 16, 'Peralillo '),
    (215, 11, 'Perquenco '),
    (216, 42, 'Petorca '),
    (217, 7, 'Peumo '),
    (218, 51, 'Pica '),
    (219, 7, 'Pichidegua '),
    (220, 9, 'Pichilemu '),
    (221, 22, 'Pinto '),
    (222, 19, 'Pirque '),
    (223, 11, 'Pitrufquén '),
    (224, 16, 'Placilla '),
    (225, 29, 'Portezuelo '),
    (226, 52, 'Porvenir '),
    (227, 51, 'Pozo Almonte '),
    (228, 52, 'Primavera '),
    (229, 48, 'Providencia '),
    (230, 56, 'Puchuncaví '),
    (231, 11, 'Pucón '),
    (232, 48, 'Pudahuel '),
    (233, 19, 'Puente Alto '),
    (234, 32, 'Puerto Montt '),
    (235, 54, 'Puerto Natales '),
    (236, 39, 'Puerto Octay '),
    (237, 32, 'Puerto Varas '),
    (238, 16, 'Pumanque '),
    (239, 30, 'Punitaqui '),
    (240, 34, 'Punta Arenas '),
    (241, 14, 'Puqueldón '),
    (242, 36, 'Purén '),
    (243, 39, 'Purranque '),
    (244, 47, 'Putaendo '),
    (245, 41, 'Putre '),
    (246, 39, 'Puyehue '),
    (247, 14, 'Queilén '),
    (248, 14, 'Quellón '),
    (249, 14, 'Quemchi '),
    (250, 6, 'Quilaco '),
    (251, 48, 'Quilicura '),
    (252, 6, 'Quilleco '),
    (253, 22, 'Quillón '),
    (254, 44, 'Quillota '),
    (255, 37, 'Quilpué '),
    (256, 14, 'Quinchao '),
    (257, 7, 'Quinta de Tilcoco '),
    (258, 48, 'Quinta Normal '),
    (259, 56, 'Quintero '),
    (260, 29, 'Quirihue '),
    (261, 7, 'Rancagua '),
    (262, 29, 'Ránquil '),
    (263, 21, 'Rauco '),
    (264, 48, 'Recoleta '),
    (265, 36, 'Renaico '),
    (266, 48, 'Renca '),
    (267, 7, 'Rengo '),
    (268, 7, 'Requínoa '),
    (269, 31, 'Retiro '),
    (270, 33, 'Rinconada '),
    (271, 45, 'Río Bueno '),
    (272, 50, 'Río Claro '),
    (273, 30, 'Río Hurtado '),
    (274, 25, 'Río Ibáñez '),
    (275, 39, 'Río Negro '),
    (276, 34, 'Río Verde '),
    (277, 21, 'Romeral '),
    (278, 11, 'Saavedra '),
    (279, 21, 'Sagrada Familia '),
    (280, 15, 'Salamanca '),
    (281, 46, 'San Antonio '),
    (282, 35, 'San Bernardo '),
    (283, 43, 'San Carlos '),
    (284, 50, 'San Clemente '),
    (285, 33, 'San Esteban '),
    (286, 43, 'San Fabián '),
    (287, 47, 'San Felipe '),
    (288, 16, 'San Fernando '),
    (289, 34, 'San Gregorio '),
    (290, 22, 'San Ignacio '),
    (291, 31, 'San Javier '),
    (292, 48, 'San Joaquín '),
    (293, 19, 'San José de Maipo '),
    (294, 39, 'San Juan de la Costa '),
    (295, 48, 'San Miguel '),
    (296, 43, 'San Nicolás '),
    (297, 39, 'San Pablo '),
    (298, 38, 'San Pedro '),
    (299, 23, 'San Pedro de Atacama '),
    (300, 17, 'San Pedro de la Paz '),
    (301, 50, 'San Rafael '),
    (302, 48, 'San Ramón '),
    (303, 6, 'San Rosendo '),
    (304, 7, 'San Vicente de Tagua Tagua '),
    (305, 6, 'Santa Bárbara '),
    (306, 16, 'Santa Cruz '),
    (307, 17, 'Santa Juana '),
    (308, 47, 'Santa María '),
    (309, 48, 'Santiago '),
    (310, 46, 'Santo Domingo '),
    (311, 2, 'Sierra Gorda '),
    (312, 49, 'Talagante '),
    (313, 50, 'Talca '),
    (314, 17, 'Talcahuano '),
    (315, 2, 'Taltal '),
    (316, 11, 'Temuco '),
    (317, 21, 'Teno '),
    (318, 11, 'Teodoro Schmidt '),
    (319, 18, 'Tierra Amarilla '),
    (320, 12, 'Til Til '),
    (321, 52, 'Timaukel '),
    (322, 3, 'Tirúa '),
    (323, 53, 'Tocopilla '),
    (324, 11, 'Toltén '),
    (325, 17, 'Tomé '),
    (326, 54, 'Torres del Paine '),
    (327, 8, 'Tortel '),
    (328, 36, 'Traiguén '),
    (329, 29, 'Trehuaco '),
    (330, 6, 'Tucapel '),
    (331, 55, 'Valdivia '),
    (332, 26, 'Vallenar '),
    (333, 56, 'Valparaíso '),
    (334, 21, 'Vichuquén '),
    (335, 36, 'Victoria '),
    (336, 24, 'Vicuña '),
    (337, 11, 'Vilcún '),
    (338, 31, 'Villa Alegre '),
    (339, 37, 'Villa Alemana '),
    (340, 11, 'Villarrica '),
    (341, 56, 'Viña del Mar '),
    (342, 48, 'Vitacura '),
    (343, 31, 'Yerbas Buenas '),
    (344, 6, 'Yumbel '),
    (345, 22, 'Yungay '),
    (346, 42, 'Zapallar ')
GO

PRINT FORMAT(getdate(), 'dd/MM/yyyy HH:mm') + ' Insertando empresas.';
INSERT INTO dbo.empresa
    ([NOMBRE_EMPRESA], [RAZONSOCIAL_EMPRESA])
VALUES
    ('No aplica', ''),
    ('Konecta', 'Konecta Chile S.A.'),
    ('Liqui', 'Comercializadora LiquiPlus S.A.'),
    ('Tokio Sushi', 'Expendedora de comida aponesa S.A.'),
    ('Coca Cola', 'Coca Cola Company S.A.'),
    ('Arrayan', 'Editorial arrayan S.A.'),
    ('McGraw Hill', 'Editorial mcGraw Hill LTDA.'),
    ('Frijalbo', 'Editorial Frijalbo Montador y asociados S.A.'),
    ('Portuaria Chacabuco', 'Empresa portuaria Chacabuco S.A.'),
    ('Hotel Fundador', 'Empresa hotelera Fundador S.A.'),
    ('Hotel Aloha', 'Hoteleria Aloha S.A.'),
    ('Motel Ensueño', 'Consorcio de moteles Ensueño LTDA.'),
    ('Synapsis', 'Synapsis y servicios IT LTDA.'),
    ('Viña Santa Elisa', 'Empresa vitivinicola Santa Elisa S.A.'),
    ('Correos de Chile', 'Empresa de Correos de Chile s.A.'),
    ('Farmacias Ahumada', 'Empresa Farmaceutica Ahumada S.A.'),
    ('City Mail', 'Distribuidora de correos Citty Mail LTDA.'),
    ('FlorArt Valdivia', 'Comercializadora de plantas FlorArt S.A.'),
    ('SYG Abogados', 'Servicios Legales SYG S.A.'),
    ('Cocina Hogar', 'Servicios de cocineria y abastecimiento alimenticios S.A.'),
    ('Restaurant las Viejas Cochinas De Talca', 'Servicios alimenticios las Cochinas de Talca')
GO

PRINT FORMAT(getdate(), 'dd/MM/yyyy HH:mm') + ' insertando estados de documento.';
INSERT INTO dbo.estado_documento
    ([ESTADO_DOCUMENTO])
VALUES
    ('Pagado'),
    ('Pendiente'),
    ('Vencido')
GO

PRINT FORMAT(getdate(), 'dd/MM/yyyy HH:mm') + ' Insertando marcas de telefonos.';
INSERT INTO dbo.marca_celular
    ([ID_MARCA], [MARCA])
VALUES
    (1, 'Alcatel'),
    (2, 'Apple'),
    (3, 'Azumi'),
    (4, 'Huawei'),
    (5, 'LG'),
    (6, 'Motorola'),
    (7, 'Nokia'),
    (8, 'Google'),
    (9, 'Samsung'),
    (10, 'Sony')
GO

PRINT FORMAT(getdate(), 'dd/MM/yyyy HH:mm') + ' Insertando modelos de celulares.';
INSERT INTO dbo.modelo_celular
    ([ID_MODELO], [ID_MARCA], [MODELO])
VALUES
    (1, 1, 'Alcatel Smart Tab'),
    (2, 1, 'Alcatel 3X'),
    (3, 1, 'Alcatel 3T'),
    (4, 1, 'Alcatel 3T 8'),
    (5, 1, 'Alcatel 3l'),
    (6, 2, 'iPhone 11 Pro Max'),
    (7, 2, 'iPhone 11 Pro'),
    (8, 2, 'iPhone XS Max'),
    (9, 2, 'iPhone XR'),
    (10, 2, 'iPhone 8'),
    (11, 3, 'Azumi Ultra'),
    (12, 3, 'Azumi A50LT'),
    (13, 3, 'Azumi Arkia A40'),
    (14, 3, 'Azumi A50C+'),
    (15, 3, 'Azumi A45S'),
    (16, 4, 'Huawei Mate 30 Pro'),
    (17, 4, 'Huawei Mate 30 Pro'),
    (18, 4, 'Huawei Mate 30 5G'),
    (19, 4, 'Huawei Honor Play'),
    (20, 4, 'Huawei Enjoy 10 Plus'),
    (21, 5, 'LG V50S ThinQ 5G'),
    (22, 5, 'LG G8X'),
    (23, 5, 'LG K50S'),
    (24, 5, 'LG K40S'),
    (25, 5, 'LG K30'),
    (26, 6, 'Motorola One Macro'),
    (27, 6, 'Motorola Moto E6 Plus'),
    (28, 6, 'Motorola Moto Z4'),
    (29, 6, 'Motorola One Vision'),
    (30, 6, 'Motorola Moto G7'),
    (31, 7, 'Nokia 110'),
    (32, 7, 'Nokia 800 Tough'),
    (33, 7, 'Nokia 2720 Flip'),
    (34, 7, 'Nokia 7.2'),
    (35, 7, 'Nokia 105'),
    (36, 8, 'Google Plxel 4'),
    (37, 8, 'Google Pixel 4 XL'),
    (38, 8, 'Google Pixel 3a XL'),
    (39, 8, 'Google Pixel 3a'),
    (40, 8, 'Google Pixel 3'),
    (41, 9, 'Samsung Galaxy A70s'),
    (42, 9, 'Samsung Galaxy A90 5G'),
    (43, 9, 'Samsung Galaxy Note 10'),
    (44, 9, 'Samsung Galaxy S10 5G'),
    (45, 9, 'Samsung Galaxy Note 9'),
    (46, 10, 'Sony Xperia 5'),
    (47, 10, 'Sony Xperia 10 Plus'),
    (48, 10, 'Sony Xperia L3'),
    (49, 10, 'Sony Xperia XZ3'),
    (50, 10, 'Sony Xperia XZ2 Compact')
GO

PRINT FORMAT(getdate(), 'dd/MM/yyyy HH:mm') + ' insertando metodos de pago.';
INSERT INTO dbo.metodo_pago
    ([METODO_PAGO])
VALUES
    ('Contado'),
    ('Tarjeta de credito'),
    ('Tarjeta debito'),
    ('Cheque 30 días'),
    ('Cheque 60 días'),
    ('Cheque 90 días')
GO

PRINT FORMAT(getdate(), 'dd/MM/yyyy HH:mm') + ' Insertando planes de telefonía.';
INSERT INTO dbo.plan_telefonia
    ([NOMBRE_PLAN], [COSTO_PLAN], [OBS_PLAN])
VALUES
    ('Plan 13 GB', 9990, '13 GB de Navegación, Habla hasta 350 min, Incluye 400 SMS, Gigas libres en Redes Sociales.'),
    ('Plan 25 GB', 13490, '25 GB de Navegación, Habla hasta 700 min, Incluye 500 SMS, Gigas libres en redes Sociales.'),
    ('Plan 35 GB', 17990, '35 GB de Navegación, Minutos libres, Incluye 700 SMS, Gigas libres en redes Sociales.'),
    ('Plan 45 GB', 19790, '45 GB de Navegación, Minutos libres, Incluye 700 SMS, Gigas libres en redes Sociales, Spotify.'),
    ('Plan pyme', 59990, 'Telefonía ilimitada para 10 equipos, wsp libre, email libres, equipos gama media sin costo.'),
    ('Plan pyme Pro', 105990, 'Telefonía ilimitada, wsp libre, email libres, equipos de gama alta a elección por sobre 25 equipos.')
GO

PRINT FORMAT(getdate(), 'dd/MM/yyyy HH:mm') + ' insertando sexos.';
INSERT INTO dbo.sexo
    ([SEXO])
VALUES
    ('Femenino'),
    ('Masculino')
GO

PRINT FORMAT(getdate(), 'dd/MM/yyyy HH:mm') + ' insertando sucursales.';
INSERT INTO dbo.sucursal
    ([ID_COMUNA], [SUCURSAL])
VALUES
    (10, 'Suc.Antofagasta '),
    (12, 'Suc.Arauco '),
    (13, 'Suc.Arica '),
    (14, 'Suc.Aysén '),
    (34, 'Suc.Cauquenes '),
    (39, 'Suc.Chañaral '),
    (62, 'Suc.Concepción '),
    (67, 'Suc.Copiapó '),
    (71, 'Suc.Coyhaique '),
    (79, 'Suc.Curicó '),
    (109, 'Suc.Huasco '),
    (113, 'Suc.Iquique '),
    (115, 'Suc.Isla de Pascua '),
    (141, 'Suc.Linares '),
    (143, 'Suc.Llanquihue '),
    (153, 'Suc.Los Andes '),
    (174, 'Suc.Melipilla '),
    (192, 'Suc.Osorno '),
    (199, 'Suc.Palena '),
    (216, 'Suc.Petorca '),
    (254, 'Suc.Quillota '),
    (281, 'Suc.San Antonio '),
    (309, 'Suc.Santiago '),
    (312, 'Suc.Talagante '),
    (313, 'Suc.Talca '),
    (323, 'Suc.Tocopilla '),
    (331, 'Suc.Valdivia '),
    (333, 'Suc.Valparaíso ')
GO

PRINT FORMAT(getdate(), 'dd/MM/yyyy HH:mm') + ' Insertando tipos de clientes.';
INSERT INTO dbo.tipo_cliente
    ([TIPO_CLIENTE])
VALUES
    ('Persona natural'),
    ('Cliente corporativo')
GO

PRINT FORMAT(getdate(), 'dd/MM/yyyy HH:mm') + ' Insertando tipos de documentos.';
INSERT INTO dbo.tipo_documento
    ([TIPO_DOCUMENTO])
VALUES
    ('Boleta'),
    ('Factura')
GO

PRINT FORMAT(getdate(), 'dd/MM/yyyy HH:mm') + ' insertando numeros de telefonos.';
INSERT INTO dbo.celular
    ([ID_MODELO], [NRO_CELULAR], [fecha_activacion])
VALUES
    (13, '96160423', '2007-12-27'),
    (48, '71668528', '2012-05-05'),
    (25, '74012283', '2008-07-17'),
    (38, '88534017', '2010-03-10'),
    (35, '71787005', '2019-04-28'),
    (21, '86307821', '2017-11-30'),
    (37, '98894898', '2010-07-12'),
    (30, '87077158', '2009-08-30'),
    (50, '64494874', '2016-12-04'),
    (6, '92487381', '2005-08-23'),
    (33, '77471251', '2012-10-30'),
    (42, '73211379', '2006-08-08'),
    (1, '67757564', '2015-08-23'),
    (12, '90601722', '2018-12-11'),
    (43, '73057151', '2008-06-10'),
    (15, '80878091', '2013-07-04'),
    (21, '94487038', '2008-04-21'),
    (33, '67989186', '2017-05-26'),
    (49, '83577630', '2010-01-26'),
    (8, '86044357', '2010-10-20'),
    (11, '87544407', '2014-03-11'),
    (17, '78026924', '2018-03-31'),
    (29, '73282648', '2006-01-15'),
    (31, '73285989', '2015-12-20'),
    (41, '60823063', '2008-10-03'),
    (5, '67665403', '2017-12-02'),
    (23, '84768095', '2017-03-19'),
    (18, '64104156', '2019-06-27'),
    (22, '79459834', '2018-12-03'),
    (40, '97521646', '2007-06-06'),
    (39, '84388753', '2017-09-28'),
    (26, '88438843', '2015-06-08'),
    (5, '85842350', '2013-12-18'),
    (48, '76329923', '2006-01-01'),
    (31, '93326607', '2005-03-12'),
    (40, '84102249', '2013-08-06'),
    (48, '99769287', '2005-07-10'),
    (33, '61635814', '2006-11-30'),
    (15, '92675643', '2013-05-16'),
    (7, '73515858', '2015-10-17'),
    (7, '93068225', '2008-08-21'),
    (37, '91504765', '2006-12-17'),
    (31, '70125891', '2011-07-15'),
    (36, '99052862', '2009-08-24'),
    (31, '65906049', '2013-09-27'),
    (44, '68890555', '2012-08-21'),
    (26, '63313422', '2014-09-24'),
    (12, '60936142', '2018-11-16'),
    (45, '72952729', '2015-12-07'),
    (48, '72556023', '2009-04-12'),
    (43, '63040977', '2010-08-17'),
    (17, '64755970', '2013-07-17'),
    (27, '67467523', '2007-10-16'),
    (46, '77128794', '2018-09-17'),
    (6, '94691410', '2018-08-20'),
    (29, '67025138', '2017-10-31'),
    (19, '89737823', '2017-03-23'),
    (2, '83443689', '2013-11-06'),
    (15, '90042856', '2010-09-19'),
    (18, '77025874', '2006-07-27'),
    (13, '80881636', '2014-12-18'),
    (19, '67234991', '2016-01-04'),
    (44, '68523377', '2017-09-23'),
    (44, '80499274', '2019-06-02'),
    (3, '90466943', '2011-12-24'),
    (8, '77280548', '2009-11-17'),
    (1, '82465825', '2008-08-13'),
    (50, '64483439', '2009-06-14'),
    (37, '67812606', '2017-02-26'),
    (49, '90542210', '2007-04-19'),
    (43, '74826284', '2008-11-26'),
    (31, '68859966', '2006-05-22'),
    (34, '64977509', '2014-07-23'),
    (5, '89304478', '2016-11-17'),
    (9, '83078527', '2006-11-25'),
    (9, '63546427', '2006-11-02'),
    (49, '95928274', '2010-02-19'),
    (11, '81527325', '2006-12-05'),
    (5, '86803137', '2017-08-14'),
    (10, '81973412', '2012-09-22'),
    (18, '94761435', '2005-03-23'),
    (46, '86725675', '2009-07-30'),
    (45, '96365567', '2012-07-13'),
    (23, '71491436', '2006-11-06'),
    (18, '99722180', '2008-02-23'),
    (41, '60857746', '2019-08-31'),
    (21, '69961457', '2012-01-26'),
    (34, '87411500', '2005-11-04'),
    (9, '99690518', '2010-12-26'),
    (2, '84478645', '2006-11-07'),
    (31, '66873268', '2006-08-30'),
    (9, '89813898', '2005-01-25'),
    (7, '84515058', '2005-07-17'),
    (44, '93195121', '2017-03-28'),
    (26, '98112141', '2014-07-18'),
    (23, '74932517', '2008-04-14'),
    (15, '92845345', '2011-01-08'),
    (1, '95048827', '2008-04-01'),
    (30, '98762755', '2007-01-02'),
    (50, '69962641', '2017-10-23'),
    (37, '90995063', '2010-05-10'),
    (44, '76579030', '2007-07-12'),
    (30, '67687120', '2018-03-31'),
    (4, '98379124', '2007-03-01'),
    (22, '65574765', '2007-12-09'),
    (24, '84050379', '2015-02-10'),
    (15, '88384911', '2019-03-30'),
    (46, '78160605', '2009-05-25'),
    (39, '82146211', '2013-02-19'),
    (19, '74540694', '2015-09-01'),
    (13, '73310477', '2019-02-28'),
    (12, '64874105', '2015-06-18'),
    (3, '89954321', '2013-10-18'),
    (35, '86390956', '2009-08-16'),
    (5, '87187213', '2016-09-04'),
    (45, '95541534', '2018-01-20'),
    (32, '94752847', '2009-01-09'),
    (36, '69523338', '2018-09-30'),
    (21, '73468137', '2016-08-16'),
    (15, '94645624', '2015-12-10'),
    (22, '90376851', '2007-11-03'),
    (48, '87573185', '2018-06-29'),
    (34, '82582409', '2012-08-21'),
    (48, '79121609', '2005-12-25'),
    (16, '84539613', '2010-01-03'),
    (8, '63964414', '2017-09-08'),
    (23, '95554420', '2015-01-08'),
    (49, '85619006', '2017-11-03'),
    (6, '71834926', '2010-09-12'),
    (41, '87561392', '2012-03-03'),
    (8, '89010486', '2005-01-16'),
    (10, '68307608', '2010-07-16'),
    (35, '83451178', '2012-09-10'),
    (50, '83425917', '2013-07-10'),
    (22, '93554063', '2012-06-27'),
    (24, '64804442', '2017-07-12'),
    (26, '69144587', '2011-05-15'),
    (16, '92129551', '2018-07-18'),
    (2, '87527605', '2008-06-05'),
    (44, '89398057', '2006-02-12'),
    (11, '66438353', '2005-09-03'),
    (6, '75010375', '2012-10-28'),
    (31, '80615668', '2005-02-20'),
    (13, '68106630', '2005-01-27'),
    (48, '86595537', '2010-01-20'),
    (43, '82617645', '2019-01-16'),
    (18, '94111904', '2013-10-24'),
    (17, '68155260', '2007-01-06'),
    (27, '68905261', '2013-07-01'),
    (11, '69459303', '2011-12-18'),
    (9, '69937265', '2006-10-22'),
    (31, '63197528', '2005-10-25'),
    (2, '94473897', '2019-04-05'),
    (31, '67114893', '2009-07-22'),
    (25, '71585277', '2013-09-25'),
    (10, '93584750', '2006-09-20'),
    (4, '63859592', '2007-11-15'),
    (10, '83760577', '2007-09-06'),
    (20, '81252085', '2009-09-04'),
    (13, '76897783', '2013-06-25'),
    (44, '79851384', '2018-01-21'),
    (47, '89508877', '2012-12-22'),
    (45, '64814466', '2016-03-14'),
    (35, '77193236', '2018-04-28'),
    (31, '92697805', '2012-03-09'),
    (36, '65314255', '2015-01-20'),
    (50, '72483750', '2006-02-12'),
    (4, '74346094', '2007-05-04'),
    (6, '63466880', '2018-01-17'),
    (35, '77061704', '2012-12-31'),
    (24, '75009021', '2014-07-28'),
    (30, '83749826', '2014-04-27'),
    (27, '74897727', '2010-04-12'),
    (7, '91389513', '2013-06-29'),
    (43, '82938775', '2011-08-18'),
    (4, '94924146', '2005-05-30'),
    (21, '97351275', '2009-10-13'),
    (2, '98856903', '2014-08-11'),
    (20, '70942151', '2017-04-13'),
    (13, '96647620', '2019-06-08'),
    (12, '74888106', '2011-05-21'),
    (4, '87047010', '2017-03-31'),
    (25, '70921392', '2006-05-14'),
    (5, '96010572', '2008-08-03'),
    (25, '72830290', '2006-01-24'),
    (46, '82808002', '2009-06-05'),
    (13, '90317644', '2016-12-17'),
    (35, '61498060', '2008-06-29'),
    (38, '69420916', '2012-05-14'),
    (43, '73372161', '2006-02-14'),
    (5, '66342140', '2017-10-11'),
    (6, '85476054', '2011-03-30'),
    (39, '67555535', '2012-01-01'),
    (15, '94673936', '2019-03-04'),
    (46, '90595346', '2014-11-26'),
    (28, '79805626', '2011-01-21'),
    (44, '62925186', '2014-03-29'),
    (20, '88074977', '2016-12-23'),
    (50, '69849273', '2015-06-08'),
    (39, '92718483', '2007-05-08'),
    (26, '75316349', '2017-11-30'),
    (37, '77081158', '2010-09-24'),
    (15, '60624139', '2016-06-16'),
    (9, '77917628', '2007-12-11'),
    (12, '64180852', '2012-01-22'),
    (19, '87074706', '2015-01-31'),
    (7, '88269992', '2006-04-14'),
    (40, '82696883', '2012-06-02'),
    (50, '60091107', '2011-09-29'),
    (28, '78238896', '2009-10-19'),
    (49, '76750740', '2017-10-30'),
    (12, '91480052', '2009-01-08'),
    (24, '62434406', '2006-10-03'),
    (38, '97705721', '2009-10-21'),
    (24, '60429640', '2007-11-21'),
    (34, '62962856', '2007-11-06'),
    (42, '72028326', '2016-10-11'),
    (21, '86651095', '2016-03-30'),
    (20, '64943515', '2008-10-19'),
    (4, '74719949', '2005-07-19'),
    (42, '82828033', '2019-02-07'),
    (13, '64952754', '2012-12-18'),
    (8, '63513433', '2010-01-23'),
    (17, '72501469', '2010-11-28'),
    (20, '67505277', '2014-03-28'),
    (13, '98152465', '2005-02-22'),
    (5, '87142255', '2011-10-27'),
    (41, '85322735', '2014-01-17'),
    (40, '83741226', '2006-08-13'),
    (25, '80945939', '2018-06-26'),
    (4, '89177594', '2006-10-24'),
    (42, '66655428', '2011-03-02'),
    (41, '73786225', '2013-09-03'),
    (35, '86852466', '2017-01-26'),
    (24, '64900376', '2012-08-20'),
    (25, '87596346', '2013-09-06'),
    (4, '62393912', '2013-04-02'),
    (15, '92863370', '2016-02-16'),
    (20, '81020531', '2011-06-25'),
    (23, '74794509', '2015-09-11'),
    (15, '61271591', '2007-05-12'),
    (29, '84874632', '2007-07-17'),
    (33, '61216578', '2011-11-15'),
    (37, '67968785', '2009-07-17'),
    (39, '77186227', '2017-08-11'),
    (29, '87062940', '2019-09-10'),
    (44, '98511386', '2009-12-05'),
    (4, '75230666', '2009-04-26'),
    (29, '87904740', '2005-06-25'),
    (15, '97406736', '2014-01-21'),
    (29, '87476920', '2015-06-05'),
    (39, '91064948', '2015-12-14'),
    (35, '80119190', '2015-10-12'),
    (7, '71927645', '2016-11-21'),
    (42, '90817835', '2014-03-27'),
    (46, '88358091', '2009-06-22'),
    (13, '87894901', '2017-05-04'),
    (7, '99694243', '2007-12-21'),
    (27, '92617693', '2017-01-10'),
    (43, '73426940', '2005-05-24'),
    (43, '63013797', '2019-05-20'),
    (26, '99963127', '2018-04-24'),
    (14, '76110138', '2005-10-20'),
    (6, '97970838', '2007-01-13'),
    (27, '83542617', '2009-12-09'),
    (43, '70811718', '2005-06-18'),
    (10, '83403184', '2005-12-22'),
    (29, '65908822', '2008-08-07'),
    (26, '68401540', '2019-02-03'),
    (15, '86327014', '2011-03-29'),
    (5, '65083692', '2015-05-03'),
    (50, '82115878', '2008-06-05'),
    (18, '77821234', '2017-07-10'),
    (36, '78693471', '2009-05-10'),
    (30, '75741053', '2012-03-11'),
    (23, '64577957', '2006-05-30'),
    (41, '81262171', '2010-01-05'),
    (48, '82407711', '2006-04-14'),
    (11, '64646189', '2015-12-17'),
    (28, '92776483', '2006-06-03'),
    (30, '81424721', '2006-05-22'),
    (31, '89075842', '2014-09-30'),
    (36, '70320319', '2014-10-18'),
    (28, '97820124', '2014-12-25'),
    (44, '83637982', '2016-08-11'),
    (18, '91040219', '2017-08-21'),
    (37, '61449949', '2015-07-09'),
    (34, '82149438', '2009-03-15'),
    (38, '72188055', '2018-07-18'),
    (25, '77647962', '2006-02-15'),
    (42, '81408166', '2007-05-16'),
    (23, '66182339', '2008-06-11'),
    (41, '88642803', '2017-04-05'),
    (4, '86906498', '2013-12-11'),
    (43, '78850263', '2013-11-18'),
    (20, '64258829', '2011-10-26'),
    (40, '88994500', '2017-01-02'),
    (27, '87543412', '2010-08-28'),
    (42, '98377316', '2013-11-11'),
    (48, '68656961', '2011-12-16'),
    (18, '98204285', '2006-11-21'),
    (25, '73864656', '2015-07-11'),
    (43, '75150802', '2009-07-30'),
    (23, '92061063', '2009-08-20'),
    (39, '70812587', '2011-01-10'),
    (8, '99715760', '2018-04-18'),
    (6, '80103225', '2012-04-01'),
    (41, '64631237', '2018-01-30'),
    (25, '63007096', '2008-06-15'),
    (41, '60812926', '2018-10-29'),
    (48, '94340248', '2009-06-09'),
    (28, '69254124', '2005-10-02'),
    (31, '79773474', '2013-08-30'),
    (23, '60683875', '2008-01-17'),
    (11, '99130262', '2005-09-22'),
    (31, '80847783', '2009-06-12'),
    (46, '85623609', '2017-09-10'),
    (6, '66249064', '2013-10-25'),
    (28, '67563905', '2018-07-19'),
    (49, '68547309', '2007-12-26'),
    (28, '69271397', '2019-07-15'),
    (7, '85460100', '2009-05-20'),
    (32, '66000041', '2012-06-25'),
    (48, '71902727', '2016-11-29'),
    (11, '60563368', '2017-02-24'),
    (32, '92143090', '2017-07-05'),
    (44, '88939100', '2007-04-29'),
    (47, '63662224', '2019-06-29'),
    (1, '70893779', '2013-06-29'),
    (38, '83351238', '2016-05-14'),
    (45, '82344436', '2019-06-27'),
    (9, '75062312', '2005-05-31'),
    (31, '82724129', '2018-11-23'),
    (21, '72376125', '2007-03-21'),
    (31, '73967667', '2008-06-01'),
    (4, '66088377', '2019-09-16'),
    (27, '99778376', '2015-10-04'),
    (21, '94152620', '2012-09-10'),
    (39, '65994403', '2013-03-01'),
    (26, '76857942', '2013-08-07'),
    (26, '65615343', '2014-04-21'),
    (50, '69895089', '2015-05-17'),
    (21, '73353350', '2012-12-03'),
    (44, '70904180', '2015-05-12'),
    (4, '85400543', '2017-07-05'),
    (45, '81077125', '2014-05-03'),
    (35, '80501947', '2009-12-05'),
    (45, '85507883', '2014-07-31'),
    (26, '99391349', '2018-02-08'),
    (13, '78796747', '2006-09-13'),
    (42, '69891973', '2013-01-21'),
    (11, '86711908', '2012-09-04'),
    (47, '72530287', '2012-09-20'),
    (33, '88934140', '2017-02-26'),
    (26, '99728091', '2016-03-21'),
    (35, '61137162', '2010-06-02'),
    (48, '79167849', '2017-04-13'),
    (6, '81335992', '2014-12-17'),
    (21, '93632075', '2011-08-20'),
    (29, '91590576', '2015-08-20'),
    (41, '74733069', '2006-02-13'),
    (25, '94055396', '2009-01-15'),
    (1, '91850934', '2011-02-17'),
    (49, '78668738', '2017-03-10'),
    (26, '99886369', '2009-06-05'),
    (32, '94458550', '2009-10-16'),
    (47, '64103028', '2010-10-17'),
    (42, '82253943', '2019-07-13'),
    (42, '87209427', '2014-04-06'),
    (21, '68084617', '2005-09-20'),
    (5, '90248702', '2018-07-18'),
    (19, '76470282', '2007-03-06'),
    (33, '79552117', '2017-10-20'),
    (37, '89363028', '2011-11-02'),
    (16, '74096510', '2008-02-26'),
    (11, '73309817', '2019-08-21'),
    (36, '60291739', '2010-11-09'),
    (30, '95789448', '2018-03-18'),
    (37, '61691467', '2010-01-25'),
    (45, '96465879', '2011-07-06'),
    (43, '97799570', '2018-03-13'),
    (8, '88501968', '2014-02-05'),
    (10, '78888587', '2007-08-28'),
    (21, '88318781', '2005-06-19'),
    (8, '94712986', '2010-02-14'),
    (44, '78560171', '2008-09-18'),
    (33, '66867307', '2007-11-05'),
    (17, '93633268', '2008-05-04'),
    (19, '87293996', '2013-10-29'),
    (26, '73467680', '2010-11-13'),
    (24, '76561916', '2005-03-20'),
    (35, '63548272', '2007-11-12'),
    (43, '99743383', '2009-03-05'),
    (19, '61409494', '2008-01-22'),
    (8, '99407382', '2010-09-15'),
    (4, '94264708', '2019-01-31'),
    (34, '95846306', '2018-10-20'),
    (35, '76582274', '2007-06-24'),
    (4, '95293644', '2014-01-05'),
    (7, '78293796', '2006-11-09'),
    (25, '67459395', '2010-01-30'),
    (44, '92084052', '2019-02-02'),
    (26, '66738125', '2012-07-17'),
    (45, '93419822', '2012-09-14'),
    (1, '85225178', '2009-08-12'),
    (47, '98494884', '2019-08-14'),
    (24, '76409880', '2008-10-14'),
    (4, '89360131', '2012-04-07'),
    (32, '86280825', '2018-08-20'),
    (24, '91630983', '2014-07-15'),
    (30, '96845433', '2010-12-25'),
    (49, '83307627', '2015-08-27'),
    (39, '61620104', '2009-06-05'),
    (18, '74918914', '2013-12-23'),
    (43, '83859017', '2019-08-25'),
    (31, '99836101', '2005-08-21'),
    (25, '90358564', '2010-12-28'),
    (37, '92392068', '2010-06-01'),
    (18, '98130003', '2014-03-21'),
    (43, '91209509', '2013-04-13'),
    (23, '97263954', '2008-01-29'),
    (32, '71539789', '2006-06-04'),
    (17, '69457770', '2012-01-27'),
    (37, '70749520', '2019-04-29'),
    (5, '90554165', '2007-05-22'),
    (10, '80356483', '2018-04-07'),
    (11, '88128037', '2006-05-16'),
    (21, '68183591', '2008-09-04'),
    (33, '76971461', '2016-08-31'),
    (17, '78367032', '2006-03-08'),
    (19, '95078931', '2007-05-11'),
    (13, '92408591', '2010-11-04'),
    (18, '92066762', '2007-03-16'),
    (41, '82219938', '2016-10-17'),
    (9, '73848296', '2017-11-05'),
    (11, '64209662', '2013-09-09'),
    (25, '71381389', '2013-08-25'),
    (22, '78493833', '2007-11-28'),
    (26, '62103210', '2008-01-06'),
    (39, '78669905', '2006-10-27'),
    (9, '83662191', '2013-10-09'),
    (34, '70766534', '2015-01-25'),
    (27, '62971743', '2017-10-31'),
    (28, '64737558', '2016-06-22'),
    (6, '88852311', '2011-09-28'),
    (46, '84633297', '2011-08-19'),
    (37, '90294780', '2015-06-13'),
    (49, '64918728', '2018-02-03'),
    (13, '91667404', '2006-09-25'),
    (12, '97769421', '2010-12-25'),
    (44, '75151476', '2016-02-17'),
    (14, '85251389', '2012-04-15'),
    (7, '64207409', '2017-08-01'),
    (21, '65275315', '2014-05-26'),
    (26, '60468247', '2017-05-07'),
    (33, '88582894', '2013-02-23'),
    (35, '90187989', '2016-03-16'),
    (31, '89696832', '2017-07-10'),
    (28, '77548759', '2015-01-04'),
    (34, '88426302', '2016-01-20'),
    (11, '78366752', '2018-09-19'),
    (50, '84401393', '2014-08-22'),
    (41, '61619419', '2017-08-30'),
    (9, '76788804', '2006-11-20'),
    (6, '65081328', '2010-12-23'),
    (27, '62491821', '2005-05-16'),
    (31, '61609258', '2013-05-02'),
    (38, '69509717', '2012-07-01'),
    (43, '98571474', '2005-09-12'),
    (49, '85945142', '2016-05-19'),
    (40, '92490156', '2012-12-16'),
    (35, '65261391', '2015-07-18'),
    (24, '84224513', '2013-01-06'),
    (27, '96600006', '2011-10-29'),
    (47, '60579010', '2011-09-03'),
    (36, '70468783', '2009-04-28'),
    (24, '85448564', '2011-07-12'),
    (33, '85595999', '2012-05-03'),
    (22, '98303205', '2013-06-10'),
    (11, '77912088', '2014-10-28'),
    (30, '99101803', '2008-03-22'),
    (47, '76853509', '2007-04-10'),
    (13, '60111196', '2010-07-23'),
    (4, '80711753', '2012-04-04'),
    (36, '68205008', '2012-03-06'),
    (34, '75864502', '2016-12-19'),
    (1, '69865953', '2018-10-08'),
    (45, '80136093', '2010-10-10'),
    (38, '90053669', '2006-05-23'),
    (8, '71669098', '2009-05-28'),
    (35, '65612206', '2017-11-29'),
    (7, '91963663', '2014-07-01'),
    (8, '79172592', '2006-09-28'),
    (1, '60807374', '2008-10-09'),
    (41, '97812855', '2005-02-19'),
    (44, '60781074', '2019-04-14'),
    (50, '88016859', '2018-01-22'),
    (39, '97963637', '2011-10-14'),
    (11, '90096918', '2019-02-20'),
    (47, '72181817', '2010-02-06'),
    (49, '81520371', '2018-12-11'),
    (28, '86566864', '2018-03-25'),
    (40, '83894766', '2011-01-23'),
    (10, '76045806', '2015-03-08'),
    (27, '93682759', '2009-05-14'),
    (42, '87669412', '2016-08-05'),
    (20, '65336297', '2015-01-24'),
    (29, '66715732', '2006-03-13'),
    (34, '88110075', '2015-01-23'),
    (24, '72879536', '2006-02-19'),
    (47, '79983947', '2010-06-17'),
    (38, '73461881', '2019-02-27'),
    (49, '80632478', '2007-12-28'),
    (48, '81783193', '2014-06-28'),
    (15, '86142280', '2013-10-18'),
    (33, '69157866', '2018-04-18'),
    (26, '62706395', '2014-10-28'),
    (48, '90247916', '2006-04-23'),
    (15, '76911644', '2006-02-13'),
    (2, '62240836', '2013-01-23'),
    (42, '86533930', '2011-03-04'),
    (9, '67169931', '2016-07-01'),
    (15, '97223556', '2019-07-29'),
    (38, '98728275', '2007-11-02'),
    (35, '82272327', '2008-06-17'),
    (50, '72317973', '2016-05-11'),
    (28, '82640767', '2012-01-03'),
    (49, '62529463', '2008-03-08'),
    (6, '77170901', '2015-02-24'),
    (44, '95388865', '2007-06-22'),
    (36, '90499487', '2018-11-07'),
    (48, '83058975', '2008-04-24'),
    (18, '93045767', '2018-05-19'),
    (6, '63919098', '2006-07-09'),
    (35, '88902845', '2010-12-07'),
    (5, '90188469', '2010-03-07'),
    (42, '92406359', '2017-09-08'),
    (38, '94323746', '2013-12-17'),
    (39, '60879594', '2019-02-19'),
    (5, '76354353', '2006-09-13'),
    (32, '67550673', '2009-09-12'),
    (11, '62622685', '2005-07-10'),
    (32, '82095108', '2006-03-28'),
    (42, '82367938', '2017-09-16'),
    (3, '94253247', '2015-04-19'),
    (27, '99620577', '2005-04-23'),
    (11, '69476174', '2015-10-18'),
    (21, '66131391', '2011-03-31'),
    (18, '96775198', '2014-02-17'),
    (32, '72758007', '2012-02-29'),
    (29, '64923200', '2005-04-08'),
    (36, '62586029', '2005-09-07'),
    (23, '83015272', '2010-05-26'),
    (32, '79055791', '2010-05-28'),
    (43, '99427076', '2016-09-08'),
    (27, '93837966', '2015-05-12'),
    (7, '61499579', '2005-07-16'),
    (1, '89944796', '2005-08-28'),
    (10, '67851918', '2005-08-07'),
    (39, '71188139', '2005-08-17'),
    (23, '89394367', '2006-05-09'),
    (5, '84967473', '2017-05-18'),
    (34, '81183218', '2009-10-12'),
    (38, '80970649', '2014-07-03'),
    (16, '85976383', '2007-06-17'),
    (21, '61133720', '2013-06-04'),
    (28, '90641215', '2018-11-24'),
    (38, '89703169', '2013-06-21'),
    (15, '84907201', '2010-05-05'),
    (19, '77110348', '2015-12-04'),
    (12, '89561477', '2005-04-17'),
    (37, '94675399', '2014-03-23'),
    (4, '89245924', '2009-01-15'),
    (39, '79411085', '2015-09-28'),
    (4, '73110015', '2013-11-27'),
    (3, '69252564', '2017-04-06'),
    (32, '63731062', '2010-07-26'),
    (2, '61873332', '2007-01-29'),
    (17, '65864759', '2012-09-07'),
    (13, '90373638', '2005-04-20'),
    (27, '86009537', '2012-12-04'),
    (29, '98824544', '2005-02-06'),
    (29, '83907261', '2009-04-25'),
    (37, '71844585', '2012-09-13'),
    (47, '77782800', '2008-11-25'),
    (47, '81646116', '2010-03-10'),
    (37, '98908312', '2012-06-26'),
    (21, '98467050', '2016-02-05'),
    (50, '72073554', '2009-10-10'),
    (2, '94431478', '2015-10-18'),
    (45, '95446413', '2013-09-11'),
    (20, '78478717', '2018-09-12'),
    (39, '91695118', '2013-06-01'),
    (2, '74411222', '2017-02-19'),
    (2, '65505038', '2014-12-18'),
    (34, '86807901', '2010-07-01'),
    (32, '91179201', '2006-08-12'),
    (34, '89492256', '2013-05-19'),
    (43, '72756151', '2014-09-06'),
    (29, '89699496', '2016-02-12'),
    (35, '62255543', '2005-05-21'),
    (27, '71229977', '2018-02-16'),
    (13, '72897286', '2014-05-01'),
    (5, '65119486', '2016-12-07'),
    (5, '64107040', '2014-08-25'),
    (10, '97096676', '2008-03-23'),
    (31, '99635239', '2011-09-18'),
    (36, '89388634', '2015-05-26'),
    (36, '81542421', '2013-03-12'),
    (37, '79969408', '2016-09-19'),
    (44, '65731396', '2005-08-19'),
    (20, '91831722', '2009-06-10'),
    (44, '60008888', '2017-03-03'),
    (25, '71161489', '2017-10-13'),
    (47, '85348807', '2013-02-10'),
    (12, '74933207', '2019-01-09'),
    (32, '83796405', '2018-08-15'),
    (48, '94034974', '2010-12-29'),
    (32, '66570461', '2005-01-01'),
    (27, '83377513', '2012-10-07'),
    (14, '92812511', '2005-03-06'),
    (43, '71262790', '2008-09-30'),
    (25, '93360486', '2014-09-08'),
    (25, '63716384', '2011-11-22'),
    (46, '78212452', '2008-03-02'),
    (6, '63622785', '2012-03-09'),
    (49, '70993656', '2008-09-18'),
    (6, '84745066', '2012-06-23'),
    (7, '78599091', '2010-08-03'),
    (18, '69844910', '2009-10-17'),
    (16, '61989690', '2009-11-14'),
    (49, '66656560', '2012-11-20'),
    (20, '65832527', '2018-07-21'),
    (24, '76435121', '2008-10-28'),
    (41, '70682957', '2005-01-18'),
    (15, '87176934', '2017-12-26'),
    (16, '65707746', '2017-05-27'),
    (20, '62866995', '2017-02-20'),
    (35, '66920169', '2011-03-06'),
    (49, '69328084', '2012-05-22'),
    (19, '63593713', '2013-08-20'),
    (19, '76555684', '2015-09-15'),
    (48, '97195981', '2015-07-17'),
    (4, '72001665', '2012-04-06'),
    (6, '94053969', '2014-12-29'),
    (19, '96111424', '2007-01-26'),
    (36, '98561956', '2011-12-08'),
    (13, '91795579', '2010-11-30'),
    (45, '69177785', '2010-08-10'),
    (48, '62200832', '2011-01-31'),
    (9, '82157890', '2015-04-12'),
    (32, '71371383', '2010-08-20'),
    (36, '73526593', '2009-01-09'),
    (24, '74520701', '2015-06-20'),
    (33, '89898786', '2009-07-19'),
    (35, '66836695', '2016-01-03'),
    (16, '95763547', '2015-06-19'),
    (26, '83730664', '2017-06-05'),
    (33, '67540798', '2007-08-07'),
    (46, '69290837', '2007-04-05'),
    (39, '84494904', '2018-12-28'),
    (4, '81540684', '2012-10-03'),
    (31, '65227977', '2011-05-15'),
    (20, '81822716', '2015-11-15'),
    (14, '68863687', '2013-01-03'),
    (2, '69057722', '2016-10-29'),
    (8, '81698479', '2008-01-30'),
    (26, '89862403', '2018-08-15'),
    (36, '91242231', '2015-08-12'),
    (21, '89677626', '2018-12-08'),
    (12, '64282285', '2015-11-29'),
    (28, '73127433', '2007-12-15'),
    (23, '68034491', '2006-11-25'),
    (48, '73688654', '2013-02-06'),
    (46, '79081643', '2017-08-17'),
    (32, '89983803', '2010-04-26'),
    (17, '63213812', '2009-12-22'),
    (14, '89509972', '2014-04-14'),
    (2, '88168589', '2017-12-30'),
    (47, '77976860', '2012-03-01'),
    (42, '77741678', '2018-12-08'),
    (30, '89821131', '2007-12-17'),
    (14, '94076012', '2011-03-20'),
    (4, '77745152', '2005-04-28'),
    (42, '64913919', '2018-10-08'),
    (20, '84738775', '2017-11-03'),
    (13, '85468504', '2017-02-02'),
    (33, '77736013', '2017-06-18'),
    (7, '77020957', '2016-03-25'),
    (29, '78885347', '2011-10-20'),
    (6, '74730199', '2009-12-31'),
    (36, '71572086', '2012-01-16'),
    (43, '85185034', '2018-05-21'),
    (7, '93670880', '2014-06-10'),
    (8, '89652398', '2009-08-12'),
    (19, '89867369', '2016-02-20'),
    (38, '68352974', '2014-10-13'),
    (12, '81362543', '2014-02-09'),
    (40, '73119689', '2007-08-07'),
    (9, '89137500', '2018-02-05'),
    (41, '72463477', '2005-05-09'),
    (23, '93907536', '2007-05-11'),
    (45, '79347273', '2017-11-01'),
    (9, '75482468', '2013-11-30'),
    (35, '97283038', '2010-06-20'),
    (7, '80297357', '2008-06-20'),
    (26, '61382481', '2014-07-07'),
    (17, '62538168', '2014-06-22'),
    (7, '90302253', '2010-03-20'),
    (33, '84776451', '2008-06-27'),
    (23, '62286589', '2013-04-17'),
    (32, '96935860', '2010-04-17'),
    (26, '66102704', '2017-02-09'),
    (24, '86887003', '2006-11-26'),
    (5, '81228078', '2014-01-25'),
    (38, '66410300', '2019-02-20'),
    (14, '79412215', '2010-12-09'),
    (18, '93143376', '2012-08-31'),
    (22, '85376434', '2016-10-18'),
    (8, '80342258', '2008-07-13'),
    (3, '90199596', '2013-06-05'),
    (1, '75959880', '2015-08-27'),
    (17, '77780631', '2018-06-24'),
    (10, '93084096', '2014-09-20'),
    (29, '71141410', '2017-05-15'),
    (27, '63025631', '2012-03-28'),
    (31, '75002154', '2011-02-19'),
    (23, '64346342', '2019-04-12'),
    (9, '85235171', '2005-04-24'),
    (23, '97861236', '2018-10-31'),
    (41, '79708199', '2007-08-15'),
    (39, '60009212', '2014-11-25'),
    (25, '89292261', '2014-04-14'),
    (39, '70719307', '2018-03-09'),
    (22, '88458211', '2013-10-22'),
    (4, '84094734', '2013-11-26'),
    (47, '63977175', '2005-09-08'),
    (48, '78740831', '2009-12-05'),
    (4, '72932015', '2016-01-04'),
    (50, '74766936', '2017-08-29'),
    (45, '99577645', '2019-02-08'),
    (46, '90351858', '2012-08-26'),
    (47, '72902849', '2009-05-28'),
    (16, '88946626', '2019-04-07'),
    (33, '85289291', '2010-08-13'),
    (49, '65238448', '2016-02-10'),
    (43, '81490463', '2006-09-17'),
    (5, '82267366', '2016-08-09'),
    (45, '76556542', '2006-12-14'),
    (29, '78035257', '2011-12-29'),
    (21, '74243742', '2005-06-19'),
    (15, '71063560', '2012-07-30'),
    (48, '80750057', '2010-07-22'),
    (14, '93501165', '2016-08-21'),
    (21, '99986288', '2016-03-09'),
    (4, '98499304', '2014-01-21'),
    (18, '80092227', '2019-09-15'),
    (16, '99856503', '2018-12-15'),
    (43, '98597847', '2007-10-24'),
    (19, '62592244', '2006-06-11'),
    (7, '72553206', '2016-08-21'),
    (50, '89072175', '2010-07-17'),
    (2, '87823700', '2017-02-15'),
    (15, '91925297', '2017-05-27'),
    (4, '98600366', '2007-09-29'),
    (21, '70579721', '2015-02-28'),
    (41, '67528249', '2016-01-24'),
    (29, '82866532', '2009-01-28'),
    (44, '75743141', '2015-09-22'),
    (9, '91734900', '2016-09-13'),
    (12, '63094993', '2008-02-10'),
    (16, '66325890', '2009-06-10'),
    (21, '86464395', '2008-03-02'),
    (27, '68121157', '2011-11-11'),
    (3, '80348212', '2009-10-28'),
    (20, '61667182', '2015-08-25'),
    (25, '97606542', '2017-11-05'),
    (6, '80415977', '2007-07-07'),
    (29, '86169841', '2010-07-02'),
    (29, '87068745', '2016-03-22'),
    (44, '78186363', '2013-09-20'),
    (20, '95401715', '2017-01-07'),
    (50, '74420742', '2016-02-29'),
    (11, '63457258', '2014-08-01'),
    (5, '87429515', '2010-02-01'),
    (7, '75010320', '2018-12-24'),
    (25, '76783636', '2014-06-01'),
    (46, '82401217', '2010-10-21'),
    (5, '66670268', '2012-01-05'),
    (32, '73084888', '2005-04-07'),
    (45, '62931919', '2008-11-09'),
    (45, '67409300', '2005-08-07'),
    (17, '89936856', '2017-04-04'),
    (34, '88895978', '2013-09-29'),
    (33, '69824041', '2016-09-07'),
    (24, '96918811', '2010-01-16'),
    (28, '96224220', '2016-09-07'),
    (44, '78042578', '2012-12-17'),
    (32, '67326121', '2005-10-11'),
    (17, '82605604', '2012-07-11'),
    (35, '69025337', '2005-06-18'),
    (48, '69933404', '2016-05-25'),
    (12, '94252603', '2019-07-12'),
    (7, '76823843', '2010-03-18'),
    (26, '83302461', '2006-12-15'),
    (13, '94790982', '2017-03-31'),
    (9, '71821981', '2013-01-03'),
    (3, '88291194', '2014-11-25'),
    (25, '99199383', '2016-09-08'),
    (31, '93569887', '2011-12-23'),
    (2, '87254245', '2017-02-18'),
    (7, '88605503', '2018-04-04'),
    (41, '83853187', '2019-07-24'),
    (48, '82583236', '2016-04-06'),
    (29, '84354587', '2010-08-10'),
    (27, '78114262', '2014-03-25'),
    (43, '94903361', '2008-04-02'),
    (15, '81384999', '2012-12-25'),
    (27, '94147007', '2009-03-30'),
    (37, '91269783', '2016-11-24'),
    (21, '86775628', '2016-01-04'),
    (32, '91621930', '2012-07-08'),
    (44, '67348361', '2016-08-25'),
    (8, '78299223', '2011-04-19'),
    (40, '82989734', '2009-08-05'),
    (32, '63566043', '2013-04-12'),
    (15, '97460999', '2013-03-16'),
    (24, '81683355', '2011-05-08'),
    (8, '91065800', '2010-06-05'),
    (9, '99493666', '2019-06-19'),
    (10, '62514412', '2012-05-10'),
    (13, '99075478', '2011-09-06'),
    (39, '95911296', '2015-05-23'),
    (50, '86583649', '2018-09-06'),
    (22, '94972028', '2018-08-22'),
    (1, '68544415', '2009-06-02'),
    (38, '75456697', '2008-01-07'),
    (1, '70137632', '2011-12-06'),
    (29, '79041494', '2008-08-11'),
    (36, '95209116', '2010-05-23'),
    (13, '89854827', '2015-04-13'),
    (49, '97103596', '2017-07-08'),
    (1, '74709906', '2010-02-22'),
    (28, '74152829', '2013-05-24'),
    (8, '84249449', '2018-10-02'),
    (10, '78249645', '2018-12-02'),
    (4, '68886178', '2010-06-07'),
    (48, '93666813', '2012-05-15'),
    (10, '87041137', '2019-08-14'),
    (22, '81727997', '2019-05-06'),
    (26, '82468493', '2009-07-12'),
    (7, '73571081', '2010-09-02'),
    (41, '78771098', '2005-06-16'),
    (27, '82373515', '2010-05-27'),
    (32, '68554808', '2017-08-12'),
    (22, '87513168', '2009-06-21'),
    (50, '61732879', '2011-11-10'),
    (31, '94903869', '2014-01-02'),
    (18, '86193443', '2015-03-09'),
    (15, '75269169', '2007-01-06'),
    (30, '87015009', '2010-02-13'),
    (24, '70443280', '2007-09-19'),
    (34, '70159169', '2017-02-17'),
    (27, '75393747', '2006-01-07'),
    (23, '72788496', '2017-11-28'),
    (3, '66194806', '2007-11-02'),
    (17, '71162474', '2012-07-05'),
    (44, '83335324', '2006-04-29'),
    (35, '70632613', '2013-12-22'),
    (46, '98173690', '2011-03-20'),
    (32, '83114209', '2018-07-10'),
    (43, '92196559', '2014-11-08'),
    (36, '68989142', '2015-01-07'),
    (14, '91649931', '2014-09-09'),
    (41, '88281644', '2007-05-12'),
    (23, '90218527', '2017-04-04'),
    (37, '65387119', '2012-06-24'),
    (18, '92489981', '2014-05-15'),
    (20, '62471140', '2008-08-27'),
    (48, '81900743', '2017-05-30'),
    (25, '76842835', '2018-03-22'),
    (46, '80208856', '2016-01-24'),
    (27, '61480690', '2008-08-20'),
    (23, '79647513', '2006-02-04'),
    (36, '71697997', '2009-02-21'),
    (31, '61661962', '2014-04-20'),
    (45, '80043891', '2017-02-02'),
    (39, '93319501', '2008-07-17'),
    (4, '84517847', '2016-03-19'),
    (38, '73273731', '2016-08-22'),
    (38, '73958828', '2018-01-18'),
    (24, '93861688', '2018-05-18'),
    (38, '72587436', '2019-04-19'),
    (44, '92371425', '2015-02-05'),
    (29, '72367883', '2007-01-30'),
    (6, '77242569', '2018-06-12'),
    (12, '75852304', '2007-01-18'),
    (22, '77681034', '2018-09-02'),
    (2, '65362797', '2015-07-07'),
    (40, '88481677', '2018-08-25'),
    (8, '89130212', '2019-05-19'),
    (5, '83456951', '2013-05-19'),
    (13, '98254126', '2011-09-11'),
    (50, '91856777', '2010-12-01'),
    (26, '70410882', '2011-05-27'),
    (48, '79013289', '2014-04-30'),
    (1, '81928614', '2005-10-19'),
    (31, '97589918', '2018-07-02'),
    (23, '91371162', '2012-05-28'),
    (9, '70987286', '2005-03-08'),
    (25, '75862994', '2009-05-17'),
    (20, '65344570', '2007-06-23'),
    (24, '87306420', '2011-02-09'),
    (1, '70951525', '2019-08-12'),
    (11, '62462132', '2008-06-21'),
    (44, '84633800', '2016-07-28'),
    (11, '78907510', '2010-09-25'),
    (11, '70346833', '2006-12-19'),
    (24, '88700888', '2007-11-26'),
    (6, '80538684', '2008-07-09'),
    (49, '84951420', '2006-04-16'),
    (26, '68189735', '2007-10-27'),
    (37, '74981254', '2015-06-13'),
    (2, '74041748', '2011-05-10'),
    (37, '91896614', '2012-11-18'),
    (24, '67306910', '2005-04-29'),
    (14, '64798605', '2015-08-04'),
    (38, '91599612', '2011-11-21'),
    (7, '72610741', '2013-03-14'),
    (14, '84542190', '2012-06-10'),
    (8, '86440486', '2009-07-13'),
    (5, '89157192', '2016-11-04'),
    (40, '60245441', '2012-03-24'),
    (4, '87077905', '2015-04-14'),
    (3, '65952640', '2018-02-27'),
    (30, '79791671', '2009-10-04'),
    (13, '64505474', '2008-06-02'),
    (49, '64644336', '2019-01-29'),
    (29, '82373447', '2005-06-06'),
    (2, '94176137', '2018-09-30'),
    (8, '96103050', '2009-03-15'),
    (2, '96533360', '2012-03-08'),
    (20, '94919778', '2017-03-20'),
    (43, '85127121', '2016-12-31'),
    (19, '83673147', '2013-03-15'),
    (8, '86451120', '2014-08-02'),
    (6, '62686260', '2005-02-13'),
    (16, '92538759', '2014-05-14'),
    (4, '83421987', '2006-04-19'),
    (4, '72043960', '2016-01-20'),
    (27, '99175947', '2013-04-17'),
    (5, '66129157', '2005-04-10'),
    (15, '73950092', '2007-06-05'),
    (36, '99925800', '2015-11-03'),
    (44, '88535005', '2006-10-15'),
    (26, '71418117', '2018-07-11'),
    (15, '66871374', '2008-11-07'),
    (17, '93182921', '2008-09-01'),
    (48, '79557349', '2016-05-03'),
    (12, '65046110', '2017-04-19'),
    (39, '85617285', '2005-08-09'),
    (19, '73775446', '2010-12-29'),
    (39, '98611553', '2009-01-04'),
    (21, '62294365', '2019-09-25'),
    (16, '69323677', '2011-02-27'),
    (2, '68986604', '2019-07-06'),
    (27, '79051814', '2012-01-30'),
    (33, '69076896', '2016-02-27'),
    (29, '66145833', '2014-02-09'),
    (8, '65935792', '2009-07-07'),
    (30, '94102093', '2005-05-06'),
    (49, '64730153', '2010-11-07'),
    (1, '65633158', '2007-11-21'),
    (26, '78994089', '2011-02-02'),
    (43, '66237357', '2005-08-09'),
    (27, '91661085', '2018-04-27'),
    (4, '95851264', '2011-10-12'),
    (21, '86710906', '2011-08-08'),
    (6, '71467773', '2005-02-04'),
    (3, '92643680', '2016-12-05'),
    (7, '72512484', '2011-06-04'),
    (5, '96770018', '2007-04-19'),
    (49, '65881589', '2006-10-24'),
    (6, '90120886', '2011-06-15'),
    (10, '76172508', '2012-12-10'),
    (8, '75563251', '2018-04-26'),
    (17, '67364208', '2018-08-23'),
    (33, '62074049', '2019-09-24'),
    (33, '70292913', '2014-11-11'),
    (16, '76685887', '2016-06-29'),
    (35, '76869864', '2017-12-15'),
    (49, '75375362', '2014-02-20'),
    (41, '90692309', '2017-02-21'),
    (9, '94603940', '2018-07-11'),
    (41, '96653779', '2016-11-15'),
    (42, '61317925', '2016-05-27'),
    (4, '93099466', '2013-05-15'),
    (43, '69282324', '2016-08-26'),
    (44, '93808661', '2017-08-07'),
    (43, '93757871', '2012-10-06')
GO

PRINT FORMAT(getdate(), 'dd/MM/yyyy HH:mm') + ' Insertando clientes.';
INSERT INTO dbo.cliente
    ([ID_EMPRESA], [ID_SEXO], [ID_TIPO], [NOMBRE_CLIENTE], [APELLIDOS_CLIENTE], [FECNAC_CLIENTE])
VALUES
    (1, 2, 1, 'Syed', 'Abbas', '1981-06-02'),
    (1, 1, 1, 'Catherine', 'Abel', '1987-10-09'),
    (1, 1, 1, 'Kim', 'Abercrombie', '1983-06-26'),
    (21, 1, 2, 'Hazem', 'Abolrous', '1987-02-12'),
    (15, 2, 2, 'Sam', 'Abolrous', '1986-05-06'),
    (13, 2, 2, 'Humberto', 'Acevedo', '1980-03-17'),
    (7, 2, 2, 'Gustavo', 'Achong', '1980-01-01'),
    (5, 1, 2, 'Pilar', 'Ackerman', '1983-10-08'),
    (1, 2, 1, 'Aaron', 'Adams', '1986-09-02'),
    (1, 2, 1, 'Adam', 'Adams', '1981-11-04'),
    (1, 2, 1, 'Alex', 'Adams', '1985-02-04'),
    (1, 1, 1, 'Alexandra', 'Adams', '1985-11-25'),
    (7, 1, 2, 'Allison', 'Adams', '1983-12-26'),
    (18, 1, 2, 'Amanda', 'Adams', '1980-05-08'),
    (6, 1, 2, 'Amber', 'Adams', '1987-02-14'),
    (1, 1, 1, 'Andrea', 'Adams', '1984-05-28'),
    (19, 1, 2, 'Angel', 'Adams', '1982-01-06'),
    (7, 2, 2, 'Bailey', 'Adams', '1985-09-16'),
    (1, 2, 1, 'Ben', 'Adams', '1980-10-19'),
    (18, 2, 2, 'Blake', 'Adams', '1983-09-15'),
    (15, 1, 2, 'Carla', 'Adams', '1986-07-09'),
    (15, 2, 2, 'Carlos', 'Adams', '1980-01-19'),
    (1, 2, 1, 'Charles', 'Adams', '1985-05-31'),
    (1, 1, 1, 'Chloe', 'Adams', '1986-08-14'),
    (16, 2, 2, 'Connor', 'Adams', '1985-02-13'),
    (10, 1, 2, 'Courtney', 'Adams', '1980-02-21'),
    (2, 2, 2, 'Dalton', 'Adams', '1987-09-13'),
    (2, 2, 2, 'Devin', 'Adams', '1984-02-08'),
    (1, 2, 1, 'Eduardo', 'Adams', '1987-01-28'),
    (21, 2, 2, 'Edward', 'Adams', '1983-10-30'),
    (1, 2, 1, 'Elijah', 'Adams', '1986-11-02'),
    (1, 2, 1, 'Eric', 'Adams', '1987-06-08'),
    (1, 2, 1, 'Evan', 'Adams', '1985-03-10'),
    (14, 2, 2, 'Fernando', 'Adams', '1981-02-03'),
    (1, 2, 1, 'Frances', 'Adams', '1980-01-13'),
    (1, 2, 1, 'Gabriel', 'Adams', '1987-10-26'),
    (7, 1, 2, 'Gabriella', 'Adams', '1983-08-13'),
    (19, 1, 2, 'Gabrielle', 'Adams', '1982-03-11'),
    (1, 2, 1, 'Hailey', 'Adams', '1987-01-02'),
    (5, 1, 2, 'Haley', 'Adams', '1981-09-23'),
    (1, 2, 1, 'Hunter', 'Adams', '1982-10-02'),
    (1, 2, 1, 'Ian', 'Adams', '1981-12-09'),
    (1, 2, 1, 'Isaac', 'Adams', '1981-06-25'),
    (1, 1, 1, 'Isabella', 'Adams', '1980-03-18'),
    (1, 2, 1, 'Isaiah', 'Adams', '1982-12-08'),
    (1, 2, 1, 'Jack', 'Adams', '1983-11-11'),
    (2, 2, 2, 'Jackson', 'Adams', '1981-01-19'),
    (1, 1, 1, 'Jada', 'Adams', '1987-11-03'),
    (14, 2, 2, 'James', 'Adams', '1982-02-26'),
    (14, 2, 2, 'Jason', 'Adams', '1986-09-17'),
    (1, 1, 1, 'Jay', 'Adams', '1985-04-11'),
    (12, 1, 2, 'Jenna', 'Adams', '1981-02-15'),
    (1, 1, 1, 'Jennifer', 'Adams', '1985-09-19'),
    (1, 2, 1, 'Jeremy', 'Adams', '1985-12-15'),
    (2, 2, 2, 'Jesse', 'Adams', '1983-11-30'),
    (20, 2, 2, 'Jonathan', 'Adams', '1986-10-05'),
    (1, 2, 1, 'Jordan', 'Adams', '1981-08-17'),
    (11, 2, 2, 'Jose', 'Adams', '1981-03-05'),
    (1, 1, 1, 'Julia', 'Adams', '1987-09-16'),
    (13, 1, 2, 'Kaitlyn', 'Adams', '1985-03-22'),
    (1, 1, 1, 'Katelyn', 'Adams', '1983-08-22'),
    (1, 1, 1, 'Katherine', 'Adams', '1986-06-25'),
    (4, 1, 2, 'Kaylee', 'Adams', '1980-10-25'),
    (1, 2, 1, 'Kevin', 'Adams', '1980-01-07'),
    (5, 1, 2, 'Kyle', 'Adams', '1987-11-18'),
    (16, 2, 2, 'Logan', 'Adams', '1985-12-05'),
    (2, 2, 2, 'Lucas', 'Adams', '1981-01-29'),
    (7, 2, 2, 'Luis', 'Adams', '1981-06-05'),
    (11, 2, 2, 'Luke', 'Adams', '1980-11-06'),
    (1, 2, 1, 'Mackenzie', 'Adams', '1983-06-09'),
    (1, 2, 1, 'Marcus', 'Adams', '1982-03-26'),
    (19, 1, 2, 'Maria', 'Adams', '1987-02-20'),
    (11, 1, 2, 'Mary', 'Adams', '1987-09-01'),
    (1, 2, 1, 'Mason', 'Adams', '1982-08-06'),
    (1, 2, 1, 'Miguel', 'Adams', '1987-05-05'),
    (1, 2, 1, 'Morgan', 'Adams', '1983-11-16'),
    (13, 1, 2, 'Natalie', 'Adams', '1983-02-09'),
    (1, 2, 1, 'Nathan', 'Adams', '1985-12-06'),
    (8, 1, 2, 'Noah', 'Adams', '1981-11-11'),
    (1, 1, 1, 'Rebecca', 'Adams', '1987-08-04'),
    (1, 2, 1, 'Richard', 'Adams', '1987-08-13'),
    (10, 2, 2, 'Robert', 'Adams', '1981-04-10'),
    (12, 2, 2, 'Samuel', 'Adams', '1986-12-17'),
    (13, 1, 2, 'Sara', 'Adams', '1982-04-26'),
    (1, 1, 1, 'Savannah', 'Adams', '1985-01-18'),
    (1, 2, 1, 'Sean', 'Adams', '1985-04-02'),
    (1, 1, 1, 'Seth', 'Adams', '1980-01-15'),
    (1, 1, 1, 'Stephanie', 'Adams', '1987-10-15'),
    (11, 1, 2, 'Sydney', 'Adams', '1981-06-22'),
    (1, 2, 1, 'Thomas', 'Adams', '1984-07-01'),
    (14, 1, 2, 'Wyatt', 'Adams', '1984-10-19'),
    (1, 1, 1, 'Xavier', 'Adams', '1986-02-19'),
    (1, 2, 1, 'Ronald', 'Adina', '1985-11-13')
GO

PRINT FORMAT(getdate(), 'dd/MM/yyyy HH:mm') + ' Insertando empleados.';
INSERT INTO dbo.empleado
    ([ID_SUCURSAL], [NOMBRE_EMPLEADO], [FEC_INGRESOEMP])
VALUES
    (16, 'Gabriella Bailey', '2008-07-19'),
    (26, 'Garrett Bailey', '2008-09-14'),
    (26, 'Grace Bailey', '2005-12-17'),
    (24, 'Hailey Bailey', '2008-12-07'),
    (21, 'Haley Bailey', '2012-09-12'),
    (21, 'Ian Bailey', '2009-05-27'),
    (3, 'Isaac Bailey', '2011-04-13'),
    (18, 'Isabella Bailey', '2009-10-01'),
    (1, 'Isaiah Bailey', '2014-08-17'),
    (12, 'Jacqueline Bailey', '2005-06-01'),
    (25, 'Jada Bailey', '2004-02-13'),
    (6, 'Jade Bailey', '2005-10-12'),
    (24, 'James Bailey', '2004-03-14'),
    (1, 'Jared Bailey', '2010-11-15'),
    (26, 'Jasmine Bailey', '2004-03-15'),
    (15, 'Jennifer Bailey', '2006-01-01'),
    (13, 'Jeremy Bailey', '2009-06-26'),
    (14, 'Jesse Bailey', '2004-07-17'),
    (9, 'Jessica Bailey', '2014-01-02'),
    (12, 'Juan Bailey', '2008-07-17'),
    (13, 'Julia Bailey', '2005-02-02'),
    (23, 'Kaitlyn Bailey', '2005-08-31'),
    (2, 'Katelyn Bailey', '2004-04-09'),
    (21, 'Katherine Bailey', '2005-06-17'),
    (21, 'Kaylee Bailey', '2012-05-02'),
    (16, 'Kimberly Bailey', '2005-03-14'),
    (6, 'Lauren Bailey', '2014-10-09'),
    (25, 'Lucas Bailey', '2007-09-26'),
    (18, 'Mackenzie Bailey', '2004-09-24'),
    (2, 'Makayla Bailey', '2009-09-20'),
    (24, 'Marcus Bailey', '2013-02-18'),
    (10, 'Maria Bailey', '2006-12-19'),
    (1, 'Mariah Bailey', '2009-02-01'),
    (25, 'Megan Bailey', '2004-03-06'),
    (7, 'Melissa Bailey', '2013-05-21'),
    (25, 'Michelle Bailey', '2004-10-13'),
    (2, 'Morgan Bailey', '2006-06-29'),
    (25, 'Natalie Bailey', '2009-03-13'),
    (19, 'Nathaniel Bailey', '2009-08-27'),
    (14, 'Nicole Bailey', '2010-02-17'),
    (27, 'Olivia Bailey', '2012-09-27'),
    (21, 'Paige Bailey', '2012-11-04'),
    (23, 'Patrick Bailey', '2009-10-17'),
    (22, 'Rachel Bailey', '2008-07-14'),
    (19, 'Richard Bailey', '2008-06-14'),
    (11, 'Riley Bailey', '2005-10-22'),
    (21, 'Sara Bailey', '2010-03-09'),
    (23, 'Savannah Bailey', '2010-03-09'),
    (3, 'Sean Bailey', '2011-01-28'),
    (16, 'Seth Bailey', '2006-11-21'),
    (21, 'Shelby Bailey', '2010-03-09')
GO

PRINT FORMAT(getdate(), 'dd/MM/yyyy HH:mm') + ' Insertando contratos.';
INSERT INTO dbo.contrato
    ([ID_CONTRATO], [FOLIO_CONTRATO], [FEC_CONTRATO] )
VALUES
    (1, '1-24142873', '2007-12-27'),
    (2, '2-25703779', '2012-05-05'),
    (3, '3-34014679', '2008-07-17'),
    (4, '4-34971054', '2010-03-10'),
    (5, '5-28126746', '2019-04-28'),
    (6, '6-24750394', '2017-11-30'),
    (7, '7-24313184', '2010-07-12'),
    (8, '8-33257629', '2009-08-30'),
    (9, '9-33237741', '2016-12-04'),
    (10, '10-34909794', '2005-08-23'),
    (11, '11-32371009', '2012-10-30'),
    (12, '12-30967361', '2006-08-08'),
    (13, '13-31409236', '2015-08-23'),
    (14, '14-28883539', '2018-12-11'),
    (15, '15-28092163', '2008-06-10'),
    (16, '16-24799191', '2013-07-04'),
    (17, '17-21996553', '2008-04-21'),
    (18, '18-31069963', '2017-05-26'),
    (19, '19-33913678', '2010-01-26'),
    (20, '20-25164128', '2010-10-20'),
    (21, '21-30107325', '2014-03-11'),
    (22, '22-22025363', '2018-03-31'),
    (23, '23-24606174', '2006-01-15'),
    (24, '24-25968871', '2015-12-20'),
    (25, '25-24412269', '2008-10-03'),
    (26, '26-34733585', '2017-12-02'),
    (27, '27-27224450', '2017-03-19'),
    (28, '28-25702784', '2019-06-27'),
    (29, '29-29460951', '2018-12-03'),
    (30, '30-26398799', '2007-06-06'),
    (31, '31-33739602', '2017-09-28'),
    (32, '32-31066833', '2015-06-08'),
    (33, '33-33044803', '2013-12-18'),
    (34, '34-32192478', '2006-01-01'),
    (35, '35-26131275', '2005-03-12'),
    (36, '36-29847597', '2013-08-06'),
    (37, '37-22006816', '2005-07-10'),
    (38, '38-32446472', '2006-11-30'),
    (39, '39-25060861', '2013-05-16'),
    (40, '40-32445950', '2015-10-17'),
    (41, '41-34654926', '2008-08-21'),
    (42, '42-30930328', '2006-12-17'),
    (43, '43-22195517', '2011-07-15'),
    (44, '44-31797063', '2009-08-24'),
    (45, '45-31279568', '2013-09-27'),
    (46, '46-24074432', '2012-08-21'),
    (47, '47-34037389', '2014-09-24'),
    (48, '48-29130973', '2018-11-16'),
    (49, '49-28991715', '2015-12-07'),
    (50, '50-31506786', '2009-04-12'),
    (51, '51-22943324', '2010-08-17'),
    (52, '52-32091259', '2013-07-17'),
    (53, '53-35810397', '2007-10-16'),
    (54, '54-25578048', '2018-09-17'),
    (55, '55-33021407', '2018-08-20'),
    (56, '56-32753609', '2017-10-31'),
    (57, '57-29354688', '2017-03-23'),
    (58, '58-25729206', '2013-11-06'),
    (59, '59-32719568', '2010-09-19'),
    (60, '60-30536922', '2006-07-27'),
    (61, '61-26412934', '2014-12-18'),
    (62, '62-28259099', '2016-01-04'),
    (63, '63-30460228', '2017-09-23'),
    (64, '64-27337577', '2019-06-02'),
    (65, '65-31387368', '2011-12-24'),
    (66, '66-28044525', '2009-11-17'),
    (67, '67-32702351', '2008-08-13'),
    (68, '68-30604667', '2009-06-14'),
    (69, '69-34733495', '2017-02-26'),
    (70, '70-24108504', '2007-04-19'),
    (71, '71-33617095', '2008-11-26'),
    (72, '72-28213702', '2006-05-22'),
    (73, '73-23184295', '2014-07-23'),
    (74, '74-29554310', '2016-11-17'),
    (75, '75-24021485', '2006-11-25'),
    (76, '76-35382357', '2006-11-02'),
    (77, '77-35564200', '2010-02-19'),
    (78, '78-21658795', '2006-12-05'),
    (79, '79-26213387', '2017-08-14'),
    (80, '80-32277449', '2012-09-22'),
    (81, '81-32060437', '2005-03-23'),
    (82, '82-29813306', '2009-07-30'),
    (83, '83-24788936', '2012-07-13'),
    (84, '84-23794804', '2006-11-06'),
    (85, '85-26849214', '2008-02-23'),
    (86, '86-28164490', '2019-08-31'),
    (87, '87-27642630', '2012-01-26'),
    (88, '88-32877161', '2005-11-04'),
    (89, '89-32392895', '2010-12-26'),
    (90, '90-23448948', '2006-11-07'),
    (91, '91-22496073', '2006-08-30'),
    (92, '92-30122927', '2005-01-25'),
    (93, '93-35190145', '2005-07-17'),
    (94, '94-31791125', '2017-03-28'),
    (95, '95-25870701', '2014-07-18'),
    (96, '96-25682572', '2008-04-14'),
    (97, '97-24061272', '2011-01-08'),
    (98, '98-31119890', '2008-04-01'),
    (99, '99-33188735', '2007-01-02'),
    (100, '100-22526356', '2017-10-23'),
    (101, '101-27311398', '2010-05-10'),
    (102, '102-31226452', '2007-07-12'),
    (103, '103-34699561', '2018-03-31'),
    (104, '104-34469317', '2007-03-01'),
    (105, '105-30189475', '2007-12-09'),
    (106, '106-24220118', '2015-02-10'),
    (107, '107-35139584', '2019-03-30'),
    (108, '108-26285172', '2009-05-25'),
    (109, '109-30467627', '2013-02-19'),
    (110, '110-23308407', '2015-09-01'),
    (111, '111-30263058', '2019-02-28'),
    (112, '112-22274998', '2015-06-18'),
    (113, '113-25113145', '2013-10-18'),
    (114, '114-28818675', '2009-08-16'),
    (115, '115-27165660', '2016-09-04'),
    (116, '116-23379007', '2018-01-20'),
    (117, '117-34477813', '2009-01-09'),
    (118, '118-29533795', '2018-09-30'),
    (119, '119-29569353', '2016-08-16'),
    (120, '120-35563123', '2015-12-10'),
    (121, '121-34653172', '2007-11-03'),
    (122, '122-27879106', '2018-06-29'),
    (123, '123-27765911', '2012-08-21'),
    (124, '124-35486221', '2005-12-25'),
    (125, '125-24352963', '2010-01-03'),
    (126, '126-29955653', '2017-09-08'),
    (127, '127-32470972', '2015-01-08'),
    (128, '128-22177909', '2017-11-03'),
    (129, '129-21950122', '2010-09-12'),
    (130, '130-34091828', '2012-03-03'),
    (131, '131-29028752', '2005-01-16'),
    (132, '132-21752242', '2010-07-16'),
    (133, '133-35717815', '2012-09-10'),
    (134, '134-22611157', '2013-07-10'),
    (135, '135-24188433', '2012-06-27'),
    (136, '136-26131785', '2017-07-12'),
    (137, '137-28708856', '2011-05-15'),
    (138, '138-22322560', '2018-07-18'),
    (139, '139-24110068', '2008-06-05'),
    (140, '140-22686422', '2006-02-12'),
    (141, '141-22577987', '2005-09-03'),
    (142, '142-24394059', '2012-10-28'),
    (143, '143-25487968', '2005-02-20'),
    (144, '144-31637726', '2005-01-27'),
    (145, '145-24535276', '2010-01-20'),
    (146, '146-22704072', '2019-01-16'),
    (147, '147-26369197', '2013-10-24'),
    (148, '148-33717840', '2007-01-06'),
    (149, '149-25030551', '2013-07-01'),
    (150, '150-35489480', '2011-12-18'),
    (151, '151-25134865', '2006-10-22'),
    (152, '152-29685270', '2005-10-25'),
    (153, '153-22246728', '2019-04-05'),
    (154, '154-27670493', '2009-07-22'),
    (155, '155-31340523', '2013-09-25'),
    (156, '156-22472368', '2006-09-20'),
    (157, '157-30296813', '2007-11-15'),
    (158, '158-26100102', '2007-09-06'),
    (159, '159-22919966', '2009-09-04'),
    (160, '160-25414291', '2013-06-25'),
    (161, '161-25479447', '2018-01-21'),
    (162, '162-26713290', '2012-12-22'),
    (163, '163-29458741', '2016-03-14'),
    (164, '164-33581917', '2018-04-28'),
    (165, '165-25887834', '2012-03-09'),
    (166, '166-28609824', '2015-01-20'),
    (167, '167-30659927', '2006-02-12'),
    (168, '168-31018186', '2007-05-04'),
    (169, '169-31228795', '2018-01-17'),
    (170, '170-22109317', '2012-12-31'),
    (171, '171-26562979', '2014-07-28'),
    (172, '172-28565421', '2014-04-27'),
    (173, '173-29633972', '2010-04-12'),
    (174, '174-24129007', '2013-06-29'),
    (175, '175-33610210', '2011-08-18'),
    (176, '176-33936720', '2005-05-30'),
    (177, '177-25583120', '2009-10-13'),
    (178, '178-28000887', '2014-08-11'),
    (179, '179-21855510', '2017-04-13'),
    (180, '180-23210515', '2019-06-08'),
    (181, '181-27070008', '2011-05-21'),
    (182, '182-27415606', '2017-03-31'),
    (183, '183-24675159', '2006-05-14'),
    (184, '184-28299289', '2008-08-03'),
    (185, '185-34511748', '2006-01-24'),
    (186, '186-29915441', '2009-06-05'),
    (187, '187-23569757', '2016-12-17'),
    (188, '188-30282102', '2008-06-29'),
    (189, '189-30344541', '2012-05-14'),
    (190, '190-24292938', '2006-02-14'),
    (191, '191-32795954', '2017-10-11'),
    (192, '192-33853465', '2011-03-30'),
    (193, '193-26785197', '2012-01-01'),
    (194, '194-28473500', '2019-03-04'),
    (195, '195-26323094', '2014-11-26'),
    (196, '196-35096728', '2011-01-21'),
    (197, '197-30730390', '2014-03-29'),
    (198, '198-28482173', '2016-12-23'),
    (199, '199-31681110', '2015-06-08'),
    (200, '200-35437983', '2007-05-08'),
    (201, '201-29385367', '2017-11-30'),
    (202, '202-21945676', '2010-09-24'),
    (203, '203-31041404', '2016-06-16'),
    (204, '204-34356674', '2007-12-11'),
    (205, '205-26200427', '2012-01-22'),
    (206, '206-28094754', '2015-01-31'),
    (207, '207-30007140', '2006-04-14'),
    (208, '208-35350635', '2012-06-02'),
    (209, '209-28462670', '2011-09-29'),
    (210, '210-24670243', '2009-10-19'),
    (211, '211-29557647', '2017-10-30'),
    (212, '212-22645172', '2009-01-08'),
    (213, '213-33571804', '2006-10-03'),
    (214, '214-29428978', '2009-10-21'),
    (215, '215-33498553', '2007-11-21'),
    (216, '216-23667369', '2007-11-06'),
    (217, '217-22475053', '2016-10-11'),
    (218, '218-33769480', '2016-03-30'),
    (219, '219-23658933', '2008-10-19'),
    (220, '220-23579898', '2005-07-19'),
    (221, '221-29599881', '2019-02-07'),
    (222, '222-25197129', '2012-12-18'),
    (223, '223-32794315', '2010-01-23'),
    (224, '224-29016166', '2010-11-28'),
    (225, '225-22296153', '2014-03-28'),
    (226, '226-26705215', '2005-02-22'),
    (227, '227-32351617', '2011-10-27'),
    (228, '228-27220460', '2014-01-17'),
    (229, '229-24758836', '2006-08-13'),
    (230, '230-33915817', '2018-06-26'),
    (231, '231-31318632', '2006-10-24'),
    (232, '232-32020459', '2011-03-02'),
    (233, '233-30903110', '2013-09-03'),
    (234, '234-30629247', '2017-01-26'),
    (235, '235-33197408', '2012-08-20'),
    (236, '236-29585439', '2013-09-06'),
    (237, '237-23509732', '2013-04-02'),
    (238, '238-35468539', '2016-02-16'),
    (239, '239-29562237', '2011-06-25'),
    (240, '240-27333992', '2015-09-11'),
    (241, '241-29201902', '2007-05-12'),
    (242, '242-25808522', '2007-07-17'),
    (243, '243-22038767', '2011-11-15'),
    (244, '244-21916499', '2009-07-17'),
    (245, '245-27139165', '2017-08-11'),
    (246, '246-22148448', '2019-09-10'),
    (247, '247-34138635', '2009-12-05'),
    (248, '248-28878756', '2009-04-26'),
    (249, '249-32007445', '2005-06-25'),
    (250, '250-22272863', '2014-01-21'),
    (251, '251-25151591', '2015-06-05'),
    (252, '252-32701715', '2015-12-14'),
    (253, '253-22069311', '2015-10-12'),
    (254, '254-31998205', '2016-11-21'),
    (255, '255-30103532', '2014-03-27'),
    (256, '256-27520730', '2009-06-22'),
    (257, '257-23664724', '2017-05-04'),
    (258, '258-34442878', '2007-12-21'),
    (259, '259-31095821', '2017-01-10'),
    (260, '260-32995637', '2005-05-24'),
    (261, '261-28709611', '2019-05-20'),
    (262, '262-23342074', '2018-04-24'),
    (263, '263-24791746', '2005-10-20'),
    (264, '264-26642991', '2007-01-13'),
    (265, '265-34255861', '2009-12-09'),
    (266, '266-27214390', '2005-06-18'),
    (267, '267-33284236', '2005-12-22'),
    (268, '268-35805872', '2008-08-07'),
    (269, '269-31132470', '2019-02-03'),
    (270, '270-35117653', '2011-03-29'),
    (271, '271-29567508', '2015-05-03'),
    (272, '272-27630408', '2008-06-05'),
    (273, '273-23964287', '2017-07-10'),
    (274, '274-24820553', '2009-05-10'),
    (275, '275-29468008', '2012-03-11'),
    (276, '276-25926597', '2006-05-30'),
    (277, '277-26574021', '2010-01-05'),
    (278, '278-34240245', '2006-04-14'),
    (279, '279-30755128', '2015-12-17'),
    (280, '280-34190883', '2006-06-03'),
    (281, '281-26338700', '2006-05-22'),
    (282, '282-31359139', '2014-09-30'),
    (283, '283-26713153', '2014-10-18'),
    (284, '284-33600842', '2014-12-25'),
    (285, '285-30826606', '2016-08-11'),
    (286, '286-29133294', '2017-08-21'),
    (287, '287-23470178', '2015-07-09'),
    (288, '288-31157944', '2009-03-15'),
    (289, '289-25623949', '2018-07-18'),
    (290, '290-31535307', '2006-02-15'),
    (291, '291-23925979', '2007-05-16'),
    (292, '292-29600276', '2008-06-11'),
    (293, '293-29621968', '2017-04-05'),
    (294, '294-35497454', '2013-12-11'),
    (295, '295-23059915', '2013-11-18'),
    (296, '296-24183654', '2011-10-26'),
    (297, '297-35632326', '2017-01-02'),
    (298, '298-33747308', '2010-08-28'),
    (299, '299-26144588', '2013-11-11'),
    (300, '300-28690277', '2011-12-16'),
    (301, '301-28391206', '2006-11-21'),
    (302, '302-32199047', '2015-07-11'),
    (303, '303-25299595', '2009-07-30'),
    (304, '304-22831230', '2009-08-20'),
    (305, '305-33114150', '2011-01-10'),
    (306, '306-22358951', '2018-04-18'),
    (307, '307-21971843', '2012-04-01'),
    (308, '308-25709908', '2018-01-30'),
    (309, '309-33814549', '2008-06-15'),
    (310, '310-32939397', '2018-10-29'),
    (311, '311-33868437', '2009-06-09'),
    (312, '312-32853549', '2005-10-02'),
    (313, '313-22399197', '2013-08-30'),
    (314, '314-25646782', '2008-01-17'),
    (315, '315-26331391', '2005-09-22'),
    (316, '316-26837511', '2009-06-12'),
    (317, '317-33965764', '2017-09-10'),
    (318, '318-23606312', '2013-10-25'),
    (319, '319-35188655', '2018-07-19'),
    (320, '320-22218808', '2007-12-26'),
    (321, '321-23587947', '2019-07-15'),
    (322, '322-34814132', '2009-05-20'),
    (323, '323-31996473', '2012-06-25'),
    (324, '324-28007992', '2016-11-29'),
    (325, '325-26160883', '2017-02-24'),
    (326, '326-34082037', '2017-07-05'),
    (327, '327-27594056', '2007-04-29'),
    (328, '328-26739304', '2019-06-29'),
    (329, '329-34984543', '2013-06-29'),
    (330, '330-24182250', '2016-05-14'),
    (331, '331-23178065', '2019-06-27'),
    (332, '332-26328834', '2005-05-31'),
    (333, '333-30517867', '2018-11-23'),
    (334, '334-30863962', '2007-03-21'),
    (335, '335-31423922', '2008-06-01'),
    (336, '336-28868485', '2019-09-16'),
    (337, '337-27777593', '2015-10-04'),
    (338, '338-28666598', '2012-09-10'),
    (339, '339-31999038', '2013-03-01'),
    (340, '340-30885233', '2013-08-07'),
    (341, '341-21649873', '2014-04-21'),
    (342, '342-25249384', '2015-05-17'),
    (343, '343-35788341', '2012-12-03'),
    (344, '344-32042509', '2015-05-12'),
    (345, '345-24546570', '2017-07-05'),
    (346, '346-27600790', '2014-05-03'),
    (347, '347-23634583', '2009-12-05'),
    (348, '348-29472308', '2014-07-31'),
    (349, '349-30451162', '2018-02-08'),
    (350, '350-22352737', '2006-09-13'),
    (351, '351-27943404', '2013-01-21'),
    (352, '352-24771779', '2012-09-04'),
    (353, '353-31263613', '2012-09-20'),
    (354, '354-26345831', '2017-02-26'),
    (355, '355-34475748', '2016-03-21'),
    (356, '356-21615402', '2010-06-02'),
    (357, '357-26685790', '2017-04-13'),
    (358, '358-24295150', '2014-12-17'),
    (359, '359-31422010', '2011-08-20'),
    (360, '360-24997387', '2015-08-20'),
    (361, '361-29128557', '2006-02-13'),
    (362, '362-25746979', '2009-01-15'),
    (363, '363-28686673', '2011-02-17'),
    (364, '364-26919659', '2017-03-10'),
    (365, '365-23133796', '2009-06-05'),
    (366, '366-26865606', '2009-10-16'),
    (367, '367-24649128', '2010-10-17'),
    (368, '368-25772456', '2019-07-13'),
    (369, '369-29952403', '2014-04-06'),
    (370, '370-26092882', '2005-09-20'),
    (371, '371-31662095', '2018-07-18'),
    (372, '372-26820233', '2007-03-06'),
    (373, '373-35181634', '2017-10-20'),
    (374, '374-32065290', '2011-11-02'),
    (375, '375-33183861', '2008-02-26'),
    (376, '376-23232757', '2019-08-21'),
    (377, '377-26232080', '2010-11-09'),
    (378, '378-26780579', '2018-03-18'),
    (379, '379-27335965', '2010-01-25'),
    (380, '380-35333151', '2011-07-06'),
    (381, '381-30092227', '2018-03-13'),
    (382, '382-32952294', '2014-02-05'),
    (383, '383-26628242', '2007-08-28'),
    (384, '384-29623306', '2005-06-19'),
    (385, '385-29851874', '2010-02-14'),
    (386, '386-22425973', '2008-09-18'),
    (387, '387-27408093', '2007-11-05'),
    (388, '388-29312997', '2008-05-04'),
    (389, '389-26220607', '2013-10-29'),
    (390, '390-34371341', '2010-11-13'),
    (391, '391-32147277', '2005-03-20'),
    (392, '392-23901498', '2007-11-12'),
    (393, '393-30905085', '2009-03-05'),
    (394, '394-32436814', '2008-01-22'),
    (395, '395-28852799', '2010-09-15'),
    (396, '396-29714740', '2019-01-31'),
    (397, '397-35565008', '2018-10-20'),
    (398, '398-35478052', '2007-06-24'),
    (399, '399-32276482', '2014-01-05'),
    (400, '400-29834131', '2006-11-09'),
    (401, '401-29731554', '2010-01-30'),
    (402, '402-35511837', '2019-02-02'),
    (403, '403-30763644', '2012-07-17'),
    (404, '404-23427038', '2012-09-14'),
    (405, '405-24261904', '2009-08-12'),
    (406, '406-32164077', '2019-08-14'),
    (407, '407-32972217', '2008-10-14'),
    (408, '408-27194763', '2012-04-07'),
    (409, '409-32818219', '2018-08-20'),
    (410, '410-25654345', '2014-07-15'),
    (411, '411-31855341', '2010-12-25'),
    (412, '412-25096269', '2015-08-27'),
    (413, '413-34900065', '2009-06-05'),
    (414, '414-33880427', '2013-12-23'),
    (415, '415-30948405', '2019-08-25'),
    (416, '416-23168857', '2005-08-21'),
    (417, '417-22988676', '2010-12-28'),
    (418, '418-22140302', '2010-06-01'),
    (419, '419-32921246', '2014-03-21'),
    (420, '420-24389753', '2013-04-13'),
    (421, '421-21651398', '2008-01-29'),
    (422, '422-22153003', '2006-06-04'),
    (423, '423-31686035', '2012-01-27'),
    (424, '424-21888320', '2019-04-29'),
    (425, '425-22752980', '2007-05-22'),
    (426, '426-25035913', '2018-04-07'),
    (427, '427-31214329', '2006-05-16'),
    (428, '428-30348423', '2008-09-04'),
    (429, '429-33731361', '2016-08-31'),
    (430, '430-23083401', '2006-03-08'),
    (431, '431-24975434', '2007-05-11'),
    (432, '432-28328125', '2010-11-04'),
    (433, '433-32202176', '2007-03-16'),
    (434, '434-32075588', '2016-10-17'),
    (435, '435-26837391', '2017-11-05'),
    (436, '436-32265491', '2013-09-09'),
    (437, '437-25512137', '2013-08-25'),
    (438, '438-25374535', '2007-11-28'),
    (439, '439-34224537', '2008-01-06'),
    (440, '440-35455719', '2006-10-27'),
    (441, '441-32603210', '2013-10-09'),
    (442, '442-33420485', '2015-01-25'),
    (443, '443-33347308', '2017-10-31'),
    (444, '444-25887576', '2016-06-22'),
    (445, '445-33040324', '2011-09-28'),
    (446, '446-23591991', '2011-08-19'),
    (447, '447-30822268', '2015-06-13'),
    (448, '448-32556180', '2018-02-03'),
    (449, '449-30847463', '2006-09-25'),
    (450, '450-34817920', '2010-12-25'),
    (451, '451-31197099', '2016-02-17'),
    (452, '452-28970081', '2012-04-15'),
    (453, '453-23613994', '2017-08-01'),
    (454, '454-27339579', '2014-05-26'),
    (455, '455-25671689', '2017-05-07'),
    (456, '456-35389281', '2013-02-23'),
    (457, '457-21739495', '2016-03-16'),
    (458, '458-31823266', '2017-07-10'),
    (459, '459-34132247', '2015-01-04'),
    (460, '460-27117396', '2016-01-20'),
    (461, '461-32754838', '2018-09-19'),
    (462, '462-31867041', '2014-08-22'),
    (463, '463-33703871', '2017-08-30'),
    (464, '464-26426386', '2006-11-20'),
    (465, '465-30642761', '2010-12-23'),
    (466, '466-23519964', '2005-05-16'),
    (467, '467-26096835', '2013-05-02'),
    (468, '468-26909483', '2012-07-01'),
    (469, '469-22906668', '2005-09-12'),
    (470, '470-34581705', '2016-05-19'),
    (471, '471-29725195', '2012-12-16'),
    (472, '472-23785987', '2015-07-18'),
    (473, '473-31852443', '2013-01-06'),
    (474, '474-27453030', '2011-10-29'),
    (475, '475-23397730', '2011-09-03'),
    (476, '476-25170821', '2009-04-28'),
    (477, '477-22501866', '2011-07-12'),
    (478, '478-28495169', '2012-05-03'),
    (479, '479-35173764', '2013-06-10'),
    (480, '480-29392503', '2014-10-28'),
    (481, '481-27206091', '2008-03-22'),
    (482, '482-25160327', '2007-04-10'),
    (483, '483-31539275', '2010-07-23'),
    (484, '484-26911546', '2012-04-04'),
    (485, '485-30081815', '2012-03-06'),
    (486, '486-25262975', '2016-12-19'),
    (487, '487-25035699', '2018-10-08'),
    (488, '488-24937166', '2010-10-10'),
    (489, '489-26528937', '2006-05-23'),
    (490, '490-35833466', '2009-05-28'),
    (491, '491-24276861', '2017-11-29'),
    (492, '492-29304036', '2014-07-01'),
    (493, '493-32533121', '2006-09-28'),
    (494, '494-32346603', '2008-10-09'),
    (495, '495-29261355', '2005-02-19'),
    (496, '496-34378961', '2019-04-14'),
    (497, '497-33212975', '2018-01-22'),
    (498, '498-32037960', '2011-10-14'),
    (499, '499-32852991', '2019-02-20'),
    (500, '500-23305280', '2010-02-06'),
    (501, '501-34553388', '2018-12-11'),
    (502, '502-24048153', '2018-03-25'),
    (503, '503-32824059', '2011-01-23'),
    (504, '504-22492273', '2015-03-08'),
    (505, '505-28682919', '2009-05-14'),
    (506, '506-23745231', '2016-08-05'),
    (507, '507-23035008', '2015-01-24'),
    (508, '508-22384040', '2006-03-13'),
    (509, '509-31897500', '2015-01-23'),
    (510, '510-26831124', '2006-02-19'),
    (511, '511-34174909', '2010-06-17'),
    (512, '512-29117873', '2019-02-27'),
    (513, '513-25181760', '2007-12-28'),
    (514, '514-33936388', '2014-06-28'),
    (515, '515-35894159', '2013-10-18'),
    (516, '516-28414072', '2018-04-18'),
    (517, '517-30212509', '2014-10-28'),
    (518, '518-33343016', '2006-04-23'),
    (519, '519-26765953', '2006-02-13'),
    (520, '520-26540065', '2013-01-23'),
    (521, '521-34887377', '2011-03-04'),
    (522, '522-24344022', '2016-07-01'),
    (523, '523-31995567', '2019-07-29'),
    (524, '524-24886912', '2007-11-02'),
    (525, '525-35843779', '2008-06-17'),
    (526, '526-31160070', '2016-05-11'),
    (527, '527-31344323', '2012-01-03'),
    (528, '528-29175916', '2008-03-08'),
    (529, '529-23631633', '2015-02-24'),
    (530, '530-35128917', '2007-06-22'),
    (531, '531-32707056', '2018-11-07'),
    (532, '532-31762771', '2008-04-24'),
    (533, '533-23874409', '2018-05-19'),
    (534, '534-30615541', '2006-07-09'),
    (535, '535-33595159', '2010-12-07'),
    (536, '536-30583529', '2010-03-07'),
    (537, '537-30167593', '2017-09-08'),
    (538, '538-33223365', '2013-12-17'),
    (539, '539-33959237', '2019-02-19'),
    (540, '540-35414747', '2006-09-13'),
    (541, '541-34574086', '2009-09-12'),
    (542, '542-27603157', '2005-07-10'),
    (543, '543-23300361', '2006-03-28'),
    (544, '544-22304524', '2017-09-16'),
    (545, '545-34803355', '2015-04-19'),
    (546, '546-25350897', '2005-04-23'),
    (547, '547-33550982', '2015-10-18'),
    (548, '548-35113206', '2011-03-31'),
    (549, '549-31268754', '2014-02-17'),
    (550, '550-32014054', '2012-02-29'),
    (551, '551-35748348', '2005-04-08'),
    (552, '552-28383572', '2005-09-07'),
    (553, '553-25430203', '2010-05-26'),
    (554, '554-33717577', '2010-05-28'),
    (555, '555-22313554', '2016-09-08'),
    (556, '556-30030941', '2015-05-12'),
    (557, '557-31061396', '2005-07-16'),
    (558, '558-26659764', '2005-08-28'),
    (559, '559-34778970', '2005-08-07'),
    (560, '560-27810319', '2005-08-17'),
    (561, '561-27129951', '2006-05-09'),
    (562, '562-22176758', '2017-05-18'),
    (563, '563-22007329', '2009-10-12'),
    (564, '564-23742806', '2014-07-03'),
    (565, '565-29626326', '2007-06-17'),
    (566, '566-23345067', '2013-06-04'),
    (567, '567-24979004', '2018-11-24'),
    (568, '568-23326332', '2013-06-21'),
    (569, '569-28952204', '2010-05-05'),
    (570, '570-24234894', '2015-12-04'),
    (571, '571-23651390', '2005-04-17'),
    (572, '572-26215715', '2014-03-23'),
    (573, '573-34019798', '2009-01-15'),
    (574, '574-28609016', '2015-09-28'),
    (575, '575-29516511', '2013-11-27'),
    (576, '576-30242802', '2017-04-06'),
    (577, '577-25854533', '2010-07-26'),
    (578, '578-30647893', '2007-01-29'),
    (579, '579-35801675', '2012-09-07'),
    (580, '580-35404108', '2005-04-20'),
    (581, '581-27798527', '2012-12-04'),
    (582, '582-32970480', '2005-02-06'),
    (583, '583-35213781', '2009-04-25'),
    (584, '584-33343335', '2012-09-13'),
    (585, '585-33185718', '2008-11-25'),
    (586, '586-32758618', '2010-03-10'),
    (587, '587-25613107', '2012-06-26'),
    (588, '588-22299346', '2016-02-05'),
    (589, '589-32344801', '2009-10-10'),
    (590, '590-25774100', '2015-10-18'),
    (591, '591-27549319', '2013-09-11'),
    (592, '592-25231296', '2018-09-12'),
    (593, '593-23685098', '2013-06-01'),
    (594, '594-31417112', '2017-02-19'),
    (595, '595-25207597', '2014-12-18'),
    (596, '596-23028753', '2010-07-01'),
    (597, '597-35137145', '2006-08-12'),
    (598, '598-30440041', '2013-05-19'),
    (599, '599-29473324', '2014-09-06'),
    (600, '600-29533005', '2016-02-12'),
    (601, '601-27299397', '2005-05-21'),
    (602, '602-27916905', '2018-02-16'),
    (603, '603-35745798', '2014-05-01'),
    (604, '604-23839766', '2016-12-07'),
    (605, '605-28533449', '2014-08-25')
GO

PRINT FORMAT(getdate(), 'dd/MM/yyyy HH:mm') + ' Insertando detalle de contratos.';
INSERT INTO dbo.detalle_contrato
    ([ID_CONTRATO], [ID_PLAN], [ID_CELULAR] )
VALUES
    (1, 2, 584),
    (2, 5, 538),
    (3, 5, 167),
    (4, 6, 929),
    (5, 6, 170),
    (6, 5, 427),
    (7, 3, 400),
    (8, 6, 785),
    (9, 6, 26),
    (10, 4, 714),
    (11, 5, 805),
    (12, 5, 435),
    (13, 5, 533),
    (14, 5, 395),
    (15, 6, 603),
    (16, 4, 898),
    (17, 3, 172),
    (18, 5, 338),
    (19, 5, 360),
    (20, 6, 345),
    (21, 5, 117),
    (22, 2, 416),
    (23, 5, 194),
    (24, 6, 135),
    (25, 2, 434),
    (26, 5, 677),
    (27, 3, 478),
    (28, 4, 46),
    (29, 4, 407),
    (30, 1, 892),
    (31, 4, 233),
    (32, 1, 864),
    (33, 6, 322),
    (34, 3, 326),
    (35, 4, 64),
    (36, 2, 652),
    (37, 4, 717),
    (38, 5, 797),
    (39, 6, 741),
    (40, 3, 955),
    (41, 6, 896),
    (42, 2, 607),
    (43, 3, 55),
    (44, 6, 195),
    (45, 5, 833),
    (46, 1, 333),
    (47, 1, 573),
    (48, 3, 944),
    (49, 6, 25),
    (50, 6, 353),
    (51, 4, 53),
    (52, 4, 984),
    (53, 3, 403),
    (54, 6, 609),
    (55, 6, 711),
    (56, 5, 379),
    (57, 6, 178),
    (58, 5, 208),
    (59, 1, 67),
    (60, 5, 587),
    (61, 4, 317),
    (62, 5, 985),
    (63, 5, 512),
    (64, 6, 448),
    (65, 5, 689),
    (66, 6, 144),
    (67, 2, 453),
    (68, 6, 698),
    (69, 3, 17),
    (70, 2, 4),
    (71, 6, 824),
    (72, 5, 688),
    (73, 6, 187),
    (74, 2, 150),
    (75, 2, 679),
    (76, 4, 449),
    (77, 5, 623),
    (78, 5, 39),
    (79, 5, 101),
    (80, 5, 241),
    (81, 5, 877),
    (82, 6, 740),
    (83, 5, 380),
    (84, 3, 198),
    (85, 2, 807),
    (86, 4, 923),
    (87, 2, 93),
    (88, 5, 303),
    (89, 5, 661),
    (90, 6, 616),
    (91, 4, 790),
    (92, 3, 107),
    (93, 1, 702),
    (94, 3, 245),
    (95, 5, 592),
    (96, 5, 637),
    (97, 1, 268),
    (98, 5, 230),
    (99, 3, 541),
    (100, 5, 535),
    (101, 2, 762),
    (102, 5, 321),
    (103, 3, 670),
    (104, 5, 834),
    (105, 2, 182),
    (106, 1, 551),
    (107, 2, 423),
    (108, 2, 577),
    (109, 1, 724),
    (110, 5, 60),
    (111, 2, 83),
    (112, 6, 306),
    (113, 5, 138),
    (114, 3, 42),
    (115, 6, 335),
    (116, 5, 258),
    (117, 6, 710),
    (118, 1, 354),
    (119, 3, 283),
    (120, 5, 371),
    (121, 6, 244),
    (122, 6, 6),
    (123, 1, 358),
    (124, 2, 237),
    (125, 4, 764),
    (126, 2, 30),
    (127, 5, 554),
    (128, 5, 169),
    (129, 6, 356),
    (130, 6, 497),
    (131, 3, 179),
    (132, 3, 113),
    (133, 6, 700),
    (134, 5, 227),
    (135, 2, 445),
    (136, 6, 98),
    (137, 5, 866),
    (138, 1, 480),
    (139, 2, 468),
    (140, 6, 226),
    (141, 2, 919),
    (142, 6, 763),
    (143, 1, 433),
    (144, 6, 684),
    (145, 5, 910),
    (146, 1, 38),
    (147, 4, 578),
    (148, 1, 377),
    (149, 6, 45),
    (150, 5, 32),
    (151, 4, 871),
    (152, 5, 746),
    (153, 4, 992),
    (154, 2, 911),
    (155, 4, 41),
    (156, 2, 913),
    (157, 6, 731),
    (158, 5, 598),
    (159, 1, 374),
    (160, 6, 532),
    (161, 5, 459),
    (162, 6, 692),
    (163, 1, 472),
    (164, 6, 996),
    (165, 5, 611),
    (166, 3, 481),
    (167, 2, 938),
    (168, 2, 978),
    (169, 5, 351),
    (170, 5, 685),
    (171, 4, 964),
    (172, 4, 191),
    (173, 3, 878),
    (174, 6, 106),
    (175, 2, 249),
    (176, 6, 660),
    (177, 3, 981),
    (178, 5, 503),
    (179, 5, 922),
    (180, 1, 66),
    (181, 4, 275),
    (182, 3, 974),
    (183, 6, 666),
    (184, 2, 879),
    (185, 1, 143),
    (186, 6, 323),
    (187, 6, 136),
    (188, 1, 548),
    (189, 6, 161),
    (190, 1, 243),
    (191, 1, 235),
    (192, 5, 332),
    (193, 1, 514),
    (194, 4, 132),
    (195, 3, 200),
    (196, 5, 145),
    (197, 5, 204),
    (198, 6, 672),
    (199, 2, 254),
    (200, 4, 112),
    (201, 5, 147),
    (202, 6, 250),
    (203, 2, 264),
    (204, 3, 474),
    (205, 2, 546),
    (206, 3, 527),
    (207, 3, 180),
    (208, 5, 316),
    (209, 4, 777),
    (210, 2, 47),
    (211, 3, 753),
    (212, 6, 817),
    (213, 6, 288),
    (214, 2, 16),
    (215, 1, 88),
    (216, 2, 164),
    (217, 1, 841),
    (218, 3, 310),
    (219, 4, 544),
    (220, 5, 366),
    (221, 4, 771),
    (222, 5, 722),
    (223, 5, 99),
    (224, 5, 914),
    (225, 6, 991),
    (226, 5, 939),
    (227, 5, 579),
    (228, 6, 280),
    (229, 2, 69),
    (230, 4, 590),
    (231, 5, 188),
    (232, 6, 564),
    (233, 5, 367),
    (234, 2, 446),
    (235, 5, 716),
    (236, 4, 543),
    (237, 1, 655),
    (238, 1, 77),
    (239, 1, 659),
    (240, 1, 240),
    (241, 2, 499),
    (242, 5, 840),
    (243, 5, 842),
    (244, 5, 743),
    (245, 3, 851),
    (246, 5, 370),
    (247, 3, 286),
    (248, 5, 123),
    (249, 4, 247),
    (250, 6, 451),
    (251, 6, 899),
    (252, 5, 739),
    (253, 6, 460),
    (254, 2, 811),
    (255, 2, 442),
    (256, 5, 305),
    (257, 5, 163),
    (258, 4, 312),
    (259, 4, 63),
    (260, 6, 784),
    (261, 2, 3),
    (262, 4, 883),
    (263, 6, 980),
    (264, 6, 594),
    (265, 2, 58),
    (266, 4, 344),
    (267, 2, 509),
    (268, 6, 540),
    (269, 6, 52),
    (270, 4, 213),
    (271, 6, 758),
    (272, 6, 733),
    (273, 6, 695),
    (274, 1, 956),
    (275, 1, 368),
    (276, 3, 667),
    (277, 4, 780),
    (278, 6, 252),
    (279, 5, 778),
    (280, 3, 794),
    (281, 1, 730),
    (282, 5, 583),
    (283, 1, 561),
    (284, 2, 253),
    (285, 2, 216),
    (286, 6, 260),
    (287, 3, 832),
    (288, 6, 142),
    (289, 5, 671),
    (290, 4, 850),
    (291, 6, 858),
    (292, 6, 902),
    (293, 4, 504),
    (294, 4, 982),
    (295, 6, 966),
    (296, 6, 836),
    (297, 2, 624),
    (298, 6, 293),
    (299, 3, 618),
    (300, 3, 967),
    (301, 4, 596),
    (302, 4, 443),
    (303, 6, 822),
    (304, 2, 350),
    (305, 5, 128),
    (306, 5, 536),
    (307, 3, 466),
    (308, 5, 547),
    (309, 1, 839),
    (310, 3, 970),
    (311, 5, 79),
    (312, 2, 297),
    (313, 5, 284),
    (314, 6, 222),
    (315, 5, 558),
    (316, 3, 417),
    (317, 1, 394),
    (318, 2, 274),
    (319, 5, 786),
    (320, 5, 882),
    (321, 4, 115),
    (322, 1, 742),
    (323, 3, 24),
    (324, 4, 276),
    (325, 5, 917),
    (326, 3, 605),
    (327, 4, 390),
    (328, 4, 51),
    (329, 6, 634),
    (330, 6, 608),
    (331, 5, 567),
    (332, 1, 802),
    (333, 4, 693),
    (334, 5, 90),
    (335, 5, 799),
    (336, 4, 870),
    (337, 6, 581),
    (338, 2, 988),
    (339, 6, 110),
    (340, 4, 214),
    (341, 4, 339),
    (342, 6, 759),
    (343, 4, 152),
    (344, 4, 614),
    (345, 2, 570),
    (346, 3, 205),
    (347, 2, 803),
    (348, 3, 209),
    (349, 1, 954),
    (350, 1, 419),
    (351, 2, 496),
    (352, 2, 23),
    (353, 5, 732),
    (354, 2, 953),
    (355, 5, 470),
    (356, 5, 464),
    (357, 2, 606),
    (358, 3, 995),
    (359, 5, 384),
    (360, 3, 329),
    (361, 3, 979),
    (362, 4, 602),
    (363, 2, 2),
    (364, 4, 327),
    (365, 5, 823),
    (366, 4, 475),
    (367, 1, 631),
    (368, 1, 173),
    (369, 5, 776),
    (370, 3, 415),
    (371, 5, 915),
    (372, 2, 365),
    (373, 3, 342),
    (374, 3, 680),
    (375, 5, 868),
    (376, 6, 808),
    (377, 4, 656),
    (378, 5, 134),
    (379, 4, 479),
    (380, 1, 386),
    (381, 5, 85),
    (382, 5, 962),
    (383, 5, 513),
    (384, 4, 972),
    (385, 1, 947),
    (386, 1, 229),
    (387, 3, 630),
    (388, 6, 307),
    (389, 2, 682),
    (390, 2, 388),
    (391, 1, 768),
    (392, 6, 897),
    (393, 6, 961),
    (394, 5, 787),
    (395, 3, 669),
    (396, 1, 524),
    (397, 6, 389),
    (398, 5, 270),
    (399, 2, 421),
    (400, 5, 490),
    (401, 1, 412),
    (402, 4, 641),
    (403, 6, 549),
    (404, 4, 413),
    (405, 4, 615),
    (406, 3, 510),
    (407, 1, 563),
    (408, 6, 704),
    (409, 5, 505),
    (410, 3, 125),
    (411, 2, 791),
    (412, 4, 665),
    (413, 5, 140),
    (414, 6, 255),
    (415, 2, 848),
    (416, 2, 924),
    (417, 5, 678),
    (418, 1, 815),
    (419, 5, 644),
    (420, 2, 206),
    (421, 5, 438),
    (422, 6, 881),
    (423, 2, 734),
    (424, 4, 681),
    (425, 6, 92),
    (426, 4, 315),
    (427, 1, 489),
    (428, 6, 155),
    (429, 1, 471),
    (430, 1, 993),
    (431, 5, 203),
    (432, 5, 273),
    (433, 1, 650),
    (434, 6, 761),
    (435, 5, 436),
    (436, 6, 781),
    (437, 4, 473),
    (438, 6, 184),
    (439, 4, 102),
    (440, 6, 906),
    (441, 3, 935),
    (442, 1, 33),
    (443, 4, 795),
    (444, 2, 265),
    (445, 6, 772),
    (446, 6, 576),
    (447, 1, 487),
    (448, 6, 941),
    (449, 3, 189),
    (450, 4, 148),
    (451, 4, 875),
    (452, 5, 627),
    (453, 2, 334),
    (454, 5, 874),
    (455, 5, 463),
    (456, 4, 193),
    (457, 6, 861),
    (458, 2, 502),
    (459, 4, 720),
    (460, 4, 757),
    (461, 5, 973),
    (462, 5, 633),
    (463, 3, 251),
    (464, 6, 774),
    (465, 5, 190),
    (466, 6, 847),
    (467, 2, 674),
    (468, 1, 124),
    (469, 1, 19),
    (470, 1, 40),
    (471, 5, 149),
    (472, 5, 177),
    (473, 1, 657),
    (474, 6, 528),
    (475, 2, 309),
    (476, 2, 654),
    (477, 4, 62),
    (478, 5, 159),
    (479, 2, 217),
    (480, 6, 94),
    (481, 5, 932),
    (482, 2, 912),
    (483, 2, 537),
    (484, 3, 511),
    (485, 4, 364),
    (486, 3, 311),
    (487, 6, 662),
    (488, 3, 990),
    (489, 1, 225),
    (490, 3, 300),
    (491, 5, 887),
    (492, 1, 555),
    (493, 2, 880),
    (494, 1, 151),
    (495, 2, 904),
    (496, 1, 397),
    (497, 4, 916),
    (498, 3, 989),
    (499, 2, 59),
    (500, 2, 376),
    (501, 1, 775),
    (502, 5, 1000),
    (503, 2, 893),
    (504, 1, 599),
    (505, 1, 645),
    (506, 6, 789),
    (507, 6, 465),
    (508, 4, 895),
    (509, 3, 819),
    (510, 2, 318),
    (511, 5, 282),
    (512, 5, 863),
    (513, 1, 401),
    (514, 3, 663),
    (515, 5, 726),
    (516, 4, 556),
    (517, 3, 636),
    (518, 3, 262),
    (519, 6, 523),
    (520, 2, 936),
    (521, 6, 121),
    (522, 4, 298),
    (523, 6, 343),
    (524, 6, 903),
    (525, 6, 921),
    (526, 5, 294),
    (527, 3, 100),
    (528, 5, 595),
    (529, 3, 788),
    (530, 3, 855),
    (531, 4, 111),
    (532, 2, 719),
    (533, 5, 290),
    (534, 2, 901),
    (535, 6, 806),
    (536, 5, 642),
    (537, 3, 440),
    (538, 5, 428),
    (539, 5, 750),
    (540, 6, 457),
    (541, 1, 957),
    (542, 6, 104),
    (543, 6, 263),
    (544, 3, 565),
    (545, 2, 375),
    (546, 5, 813),
    (547, 4, 246),
    (548, 2, 907),
    (549, 3, 699),
    (550, 2, 96),
    (551, 6, 518),
    (552, 5, 476),
    (553, 5, 865),
    (554, 2, 484),
    (555, 5, 1),
    (556, 6, 228),
    (557, 5, 372),
    (558, 6, 146),
    (559, 5, 355),
    (560, 1, 266),
    (561, 3, 291),
    (562, 1, 856),
    (563, 2, 566),
    (564, 2, 199),
    (565, 5, 73),
    (566, 6, 22),
    (567, 1, 952),
    (568, 6, 530),
    (569, 6, 424),
    (570, 6, 812),
    (571, 5, 494),
    (572, 6, 385),
    (573, 4, 75),
    (574, 6, 965),
    (575, 5, 782),
    (576, 6, 402),
    (577, 5, 477),
    (578, 4, 686),
    (579, 6, 752),
    (580, 5, 853),
    (581, 1, 950),
    (582, 4, 747),
    (583, 5, 197),
    (584, 6, 905),
    (585, 1, 908),
    (586, 6, 638),
    (587, 6, 404),
    (588, 1, 773),
    (589, 6, 810),
    (590, 1, 74),
    (591, 3, 34),
    (592, 3, 830),
    (593, 1, 825),
    (594, 2, 86),
    (595, 5, 809),
    (596, 5, 426),
    (597, 6, 997),
    (598, 4, 340),
    (599, 6, 525),
    (600, 6, 452),
    (601, 6, 171),
    (602, 4, 673),
    (603, 3, 248),
    (604, 6, 860),
    (605, 5, 70)
GO

PRINT FORMAT(getdate(), 'dd/MM/yyyy HH:mm') + ' Insertando ventas.';
INSERT INTO dbo.venta
    ([ID_VENTA], [ID_EMPLEADO], [ID_CLIENTE], [ID_CONTRATO], [ID_METODO], [FEC_VENTA], [MONTO_VENTA])
VALUES
    (1, 40, 42, 1, 1, '2007-12-27', 13490),
    (2, 31, 55, 2, 6, '2012-05-05', 59990),
    (3, 14, 25, 3, 6, '2008-07-17', 59990),
    (4, 18, 84, 4, 4, '2010-03-10', 105990),
    (5, 41, 5, 5, 5, '2019-04-28', 105990),
    (6, 30, 21, 6, 4, '2017-11-30', 59990),
    (7, 46, 46, 7, 2, '2010-07-12', 17990),
    (8, 36, 67, 8, 5, '2009-08-30', 105990),
    (9, 32, 28, 9, 6, '2016-12-04', 105990),
    (10, 49, 76, 10, 1, '2005-08-23', 19790),
    (11, 45, 66, 11, 5, '2012-10-30', 59990),
    (12, 17, 40, 12, 6, '2006-08-08', 59990),
    (13, 39, 89, 13, 6, '2015-08-23', 59990),
    (14, 44, 91, 14, 4, '2018-12-11', 59990),
    (15, 40, 25, 15, 5, '2008-06-10', 105990),
    (16, 33, 2, 16, 2, '2013-07-04', 19790),
    (17, 20, 12, 17, 1, '2008-04-21', 17990),
    (18, 9, 69, 18, 4, '2017-05-26', 59990),
    (19, 34, 82, 19, 4, '2010-01-26', 59990),
    (20, 31, 25, 20, 6, '2010-10-20', 105990),
    (21, 27, 67, 21, 4, '2014-03-11', 59990),
    (22, 50, 59, 22, 2, '2018-03-31', 13490),
    (23, 16, 58, 23, 5, '2006-01-15', 59990),
    (24, 33, 40, 24, 5, '2015-12-20', 105990),
    (25, 37, 44, 25, 1, '2008-10-03', 13490),
    (26, 6, 28, 26, 4, '2017-12-02', 59990),
    (27, 44, 81, 27, 1, '2017-03-19', 17990),
    (28, 32, 92, 28, 2, '2019-06-27', 19790),
    (29, 32, 46, 29, 2, '2018-12-03', 19790),
    (30, 7, 90, 30, 3, '2007-06-06', 9990),
    (31, 39, 57, 31, 1, '2017-09-28', 19790),
    (32, 13, 88, 32, 1, '2015-06-08', 9990),
    (33, 18, 20, 33, 5, '2013-12-18', 105990),
    (34, 2, 12, 34, 1, '2006-01-01', 17990),
    (35, 38, 19, 35, 1, '2005-03-12', 19790),
    (36, 37, 31, 36, 1, '2013-08-06', 13490),
    (37, 40, 23, 37, 2, '2005-07-10', 19790),
    (38, 1, 5, 38, 4, '2006-11-30', 59990),
    (39, 43, 27, 39, 5, '2013-05-16', 105990),
    (40, 21, 88, 40, 3, '2015-10-17', 17990),
    (41, 32, 91, 41, 5, '2008-08-21', 105990),
    (42, 12, 39, 42, 2, '2006-12-17', 13490),
    (43, 47, 1, 43, 2, '2011-07-15', 17990),
    (44, 44, 8, 44, 4, '2009-08-24', 105990),
    (45, 10, 67, 45, 4, '2013-09-27', 59990),
    (46, 4, 24, 46, 3, '2012-08-21', 9990),
    (47, 23, 42, 47, 1, '2014-09-24', 9990),
    (48, 36, 78, 48, 2, '2018-11-16', 17990),
    (49, 35, 15, 49, 6, '2015-12-07', 105990),
    (50, 42, 21, 50, 6, '2009-04-12', 105990),
    (51, 24, 42, 51, 2, '2010-08-17', 19790),
    (52, 12, 16, 52, 3, '2013-07-17', 19790),
    (53, 49, 54, 53, 2, '2007-10-16', 17990),
    (54, 7, 21, 54, 6, '2018-09-17', 105990),
    (55, 19, 37, 55, 5, '2018-08-20', 105990),
    (56, 26, 67, 56, 4, '2017-10-31', 59990),
    (57, 8, 14, 57, 6, '2017-03-23', 105990),
    (58, 48, 91, 58, 6, '2013-11-06', 59990),
    (59, 30, 80, 59, 3, '2010-09-19', 9990),
    (60, 12, 69, 60, 4, '2006-07-27', 59990),
    (61, 16, 59, 61, 3, '2014-12-18', 19790),
    (62, 50, 8, 62, 5, '2016-01-04', 59990),
    (63, 21, 60, 63, 5, '2017-09-23', 59990),
    (64, 4, 5, 64, 5, '2019-06-02', 105990),
    (65, 43, 14, 65, 5, '2011-12-24', 59990),
    (66, 26, 27, 66, 6, '2009-11-17', 105990),
    (67, 50, 71, 67, 3, '2008-08-13', 13490),
    (68, 19, 38, 68, 4, '2009-06-14', 105990),
    (69, 6, 51, 69, 2, '2017-02-26', 17990),
    (70, 42, 45, 70, 3, '2007-04-19', 13490),
    (71, 47, 89, 71, 5, '2008-11-26', 105990),
    (72, 30, 21, 72, 5, '2006-05-22', 59990),
    (73, 44, 65, 73, 4, '2014-07-23', 105990),
    (74, 40, 70, 74, 2, '2016-11-17', 13490),
    (75, 31, 45, 75, 2, '2006-11-25', 13490),
    (76, 11, 41, 76, 2, '2006-11-02', 19790),
    (77, 22, 69, 77, 6, '2010-02-19', 59990),
    (78, 2, 69, 78, 4, '2006-12-05', 59990),
    (79, 7, 63, 79, 5, '2017-08-14', 59990),
    (80, 42, 69, 80, 6, '2012-09-22', 59990),
    (81, 39, 5, 81, 4, '2005-03-23', 59990),
    (82, 7, 83, 82, 6, '2009-07-30', 105990),
    (83, 42, 77, 83, 4, '2012-07-13', 59990),
    (84, 10, 35, 84, 2, '2006-11-06', 17990),
    (85, 47, 29, 85, 3, '2008-02-23', 13490),
    (86, 47, 78, 86, 1, '2019-08-31', 19790),
    (87, 33, 23, 87, 2, '2012-01-26', 13490),
    (88, 19, 22, 88, 4, '2005-11-04', 59990),
    (89, 31, 5, 89, 5, '2010-12-26', 59990),
    (90, 8, 28, 90, 5, '2006-11-07', 105990),
    (91, 39, 75, 91, 2, '2006-08-30', 19790),
    (92, 35, 74, 92, 3, '2005-01-25', 17990),
    (93, 15, 39, 93, 2, '2005-07-17', 9990),
    (94, 2, 16, 94, 2, '2017-03-28', 17990),
    (95, 21, 56, 95, 5, '2014-07-18', 59990),
    (96, 12, 52, 96, 5, '2008-04-14', 59990),
    (97, 45, 1, 97, 2, '2011-01-08', 9990),
    (98, 33, 20, 98, 4, '2008-04-01', 59990),
    (99, 14, 86, 99, 3, '2007-01-02', 17990),
    (100, 11, 38, 100, 5, '2017-10-23', 59990),
    (101, 29, 45, 101, 2, '2010-05-10', 13490),
    (102, 33, 83, 102, 5, '2007-07-12', 59990),
    (103, 41, 92, 103, 1, '2018-03-31', 17990),
    (104, 37, 55, 104, 6, '2007-03-01', 59990),
    (105, 43, 76, 105, 1, '2007-12-09', 13490),
    (106, 40, 51, 106, 3, '2015-02-10', 9990),
    (107, 12, 24, 107, 3, '2019-03-30', 13490),
    (108, 28, 36, 108, 2, '2009-05-25', 13490),
    (109, 47, 80, 109, 3, '2013-02-19', 9990),
    (110, 10, 28, 110, 6, '2015-09-01', 59990),
    (111, 17, 11, 111, 3, '2019-02-28', 13490),
    (112, 42, 56, 112, 4, '2015-06-18', 105990),
    (113, 17, 30, 113, 6, '2013-10-18', 59990),
    (114, 21, 48, 114, 3, '2009-08-16', 17990),
    (115, 9, 18, 115, 5, '2016-09-04', 105990),
    (116, 4, 60, 116, 6, '2018-01-20', 59990),
    (117, 39, 37, 117, 5, '2009-01-09', 105990),
    (118, 21, 1, 118, 3, '2018-09-30', 9990),
    (119, 43, 32, 119, 3, '2016-08-16', 17990),
    (120, 21, 38, 120, 5, '2015-12-10', 59990),
    (121, 5, 18, 121, 6, '2007-11-03', 105990),
    (122, 35, 26, 122, 4, '2018-06-29', 105990),
    (123, 18, 46, 123, 2, '2012-08-21', 9990),
    (124, 27, 64, 124, 2, '2005-12-25', 13490),
    (125, 10, 35, 125, 2, '2010-01-03', 19790),
    (126, 39, 80, 126, 2, '2017-09-08', 13490),
    (127, 45, 58, 127, 6, '2015-01-08', 59990),
    (128, 21, 17, 128, 6, '2017-11-03', 59990),
    (129, 3, 58, 129, 6, '2010-09-12', 105990),
    (130, 2, 56, 130, 4, '2012-03-03', 105990),
    (131, 50, 64, 131, 2, '2005-01-16', 17990),
    (132, 28, 24, 132, 1, '2010-07-16', 17990),
    (133, 7, 40, 133, 4, '2012-09-10', 105990),
    (134, 10, 50, 134, 6, '2013-07-10', 59990),
    (135, 17, 57, 135, 3, '2012-06-27', 13490),
    (136, 4, 72, 136, 5, '2017-07-12', 105990),
    (137, 4, 28, 137, 5, '2011-05-15', 59990),
    (138, 26, 16, 138, 2, '2018-07-18', 9990),
    (139, 29, 44, 139, 1, '2008-06-05', 13490),
    (140, 22, 73, 140, 6, '2006-02-12', 105990),
    (141, 8, 31, 141, 3, '2005-09-03', 13490),
    (142, 46, 79, 142, 6, '2012-10-28', 105990),
    (143, 37, 39, 143, 1, '2005-02-20', 9990),
    (144, 17, 17, 144, 5, '2005-01-27', 105990),
    (145, 14, 18, 145, 4, '2010-01-20', 59990),
    (146, 37, 48, 146, 2, '2019-01-16', 9990),
    (147, 17, 92, 147, 3, '2013-10-24', 19790),
    (148, 42, 1, 148, 2, '2007-01-06', 9990),
    (149, 44, 50, 149, 5, '2013-07-01', 105990),
    (150, 26, 82, 150, 6, '2011-12-18', 59990),
    (151, 33, 87, 151, 3, '2006-10-22', 19790),
    (152, 37, 83, 152, 6, '2005-10-25', 59990),
    (153, 8, 53, 153, 1, '2019-04-05', 19790),
    (154, 10, 19, 154, 2, '2009-07-22', 13490),
    (155, 50, 9, 155, 1, '2013-09-25', 19790),
    (156, 27, 64, 156, 2, '2006-09-20', 13490),
    (157, 29, 79, 157, 6, '2007-11-15', 105990),
    (158, 1, 8, 158, 4, '2007-09-06', 59990),
    (159, 30, 90, 159, 3, '2009-09-04', 9990),
    (160, 14, 28, 160, 5, '2013-06-25', 105990),
    (161, 14, 22, 161, 6, '2018-01-21', 59990),
    (162, 48, 50, 162, 4, '2012-12-22', 105990),
    (163, 11, 71, 163, 3, '2016-03-14', 9990),
    (164, 4, 52, 164, 6, '2018-04-28', 105990),
    (165, 3, 25, 165, 4, '2012-03-09', 59990),
    (166, 21, 16, 166, 2, '2015-01-20', 17990),
    (167, 37, 61, 167, 3, '2006-02-12', 13490),
    (168, 9, 57, 168, 2, '2007-05-04', 13490),
    (169, 5, 8, 169, 6, '2018-01-17', 59990),
    (170, 21, 4, 170, 5, '2012-12-31', 59990),
    (171, 45, 75, 171, 2, '2014-07-28', 19790),
    (172, 19, 36, 172, 2, '2014-04-27', 19790),
    (173, 2, 81, 173, 3, '2010-04-12', 17990),
    (174, 30, 83, 174, 6, '2013-06-29', 105990),
    (175, 19, 23, 175, 3, '2011-08-18', 13490),
    (176, 44, 58, 176, 6, '2005-05-30', 105990),
    (177, 33, 45, 177, 1, '2009-10-13', 17990),
    (178, 2, 49, 178, 4, '2014-08-11', 59990),
    (179, 50, 28, 179, 4, '2017-04-13', 59990),
    (180, 35, 53, 180, 3, '2019-06-08', 9990),
    (181, 9, 16, 181, 1, '2011-05-21', 19790),
    (182, 2, 61, 182, 3, '2017-03-31', 17990),
    (183, 26, 49, 183, 4, '2006-05-14', 105990),
    (184, 26, 87, 184, 2, '2008-08-03', 13490),
    (185, 9, 71, 185, 2, '2006-01-24', 9990),
    (186, 32, 56, 186, 4, '2009-06-05', 105990),
    (187, 39, 22, 187, 4, '2016-12-17', 105990),
    (188, 41, 57, 188, 3, '2008-06-29', 9990),
    (189, 23, 65, 189, 4, '2012-05-14', 105990),
    (190, 1, 57, 190, 1, '2006-02-14', 9990),
    (191, 44, 57, 191, 1, '2017-10-11', 9990),
    (192, 35, 30, 192, 6, '2011-03-30', 59990),
    (193, 50, 64, 193, 2, '2012-01-01', 9990),
    (194, 41, 45, 194, 3, '2019-03-04', 19790),
    (195, 25, 76, 195, 3, '2014-11-26', 17990),
    (196, 32, 65, 196, 4, '2011-01-21', 59990),
    (197, 14, 4, 197, 4, '2014-03-29', 59990),
    (198, 32, 67, 198, 6, '2016-12-23', 105990),
    (199, 41, 80, 199, 2, '2015-06-08', 13490),
    (200, 5, 92, 200, 2, '2007-05-08', 19790),
    (201, 12, 69, 201, 5, '2017-11-30', 59990),
    (202, 48, 89, 202, 4, '2010-09-24', 105990),
    (203, 15, 2, 203, 1, '2016-06-16', 13490),
    (204, 15, 41, 204, 2, '2007-12-11', 17990),
    (205, 27, 19, 205, 1, '2012-01-22', 13490),
    (206, 49, 85, 206, 2, '2015-01-31', 17990),
    (207, 30, 81, 207, 1, '2006-04-14', 17990),
    (208, 19, 14, 208, 4, '2012-06-02', 59990),
    (209, 23, 86, 209, 3, '2011-09-29', 19790),
    (210, 7, 29, 210, 2, '2009-10-19', 13490),
    (211, 10, 92, 211, 1, '2017-10-30', 17990),
    (212, 5, 56, 212, 4, '2009-01-08', 105990),
    (213, 32, 34, 213, 5, '2006-10-03', 105990),
    (214, 32, 54, 214, 3, '2009-10-21', 13490),
    (215, 50, 19, 215, 2, '2007-11-21', 9990),
    (216, 3, 12, 216, 3, '2007-11-06', 13490),
    (217, 28, 64, 217, 1, '2016-10-11', 9990),
    (218, 14, 32, 218, 3, '2016-03-30', 17990),
    (219, 2, 23, 219, 2, '2008-10-19', 19790),
    (220, 43, 73, 220, 4, '2005-07-19', 59990),
    (221, 29, 64, 221, 3, '2019-02-07', 19790),
    (222, 36, 65, 222, 4, '2012-12-18', 59990),
    (223, 50, 4, 223, 5, '2010-01-23', 59990),
    (224, 14, 66, 224, 6, '2010-11-28', 59990),
    (225, 28, 56, 225, 5, '2014-03-28', 105990),
    (226, 10, 58, 226, 6, '2005-02-22', 59990),
    (227, 27, 91, 227, 5, '2011-10-27', 59990),
    (228, 33, 83, 228, 6, '2014-01-17', 105990),
    (229, 14, 48, 229, 1, '2006-08-13', 13490),
    (230, 48, 3, 230, 3, '2018-06-26', 19790),
    (231, 13, 73, 231, 6, '2006-10-24', 59990),
    (232, 11, 77, 232, 6, '2011-03-02', 105990),
    (233, 33, 40, 233, 5, '2013-09-03', 59990),
    (234, 47, 46, 234, 2, '2017-01-26', 13490),
    (235, 26, 21, 235, 6, '2012-08-20', 59990),
    (236, 33, 61, 236, 2, '2013-09-06', 19790),
    (237, 24, 32, 237, 3, '2013-04-02', 9990),
    (238, 22, 48, 238, 3, '2016-02-16', 9990),
    (239, 30, 16, 239, 1, '2011-06-25', 9990),
    (240, 49, 35, 240, 1, '2015-09-11', 9990),
    (241, 45, 41, 241, 2, '2007-05-12', 13490),
    (242, 47, 22, 242, 4, '2007-07-17', 59990),
    (243, 29, 65, 243, 5, '2011-11-15', 59990),
    (244, 10, 7, 244, 5, '2009-07-17', 59990),
    (245, 9, 51, 245, 2, '2017-08-11', 17990),
    (246, 6, 38, 246, 4, '2019-09-10', 59990),
    (247, 11, 74, 247, 2, '2009-12-05', 17990),
    (248, 23, 15, 248, 6, '2009-04-26', 59990),
    (249, 35, 24, 249, 2, '2005-06-25', 19790),
    (250, 41, 73, 250, 4, '2014-01-21', 105990),
    (251, 27, 58, 251, 6, '2015-06-05', 105990),
    (252, 8, 55, 252, 6, '2015-12-14', 59990),
    (253, 50, 37, 253, 4, '2015-10-12', 105990),
    (254, 44, 3, 254, 1, '2016-11-21', 13490),
    (255, 16, 74, 255, 2, '2014-03-27', 13490),
    (256, 15, 28, 256, 5, '2009-06-22', 59990),
    (257, 9, 82, 257, 6, '2017-05-04', 59990),
    (258, 44, 44, 258, 2, '2007-12-21', 19790),
    (259, 9, 88, 259, 3, '2017-01-10', 19790),
    (260, 32, 52, 260, 6, '2005-05-24', 105990),
    (261, 2, 92, 261, 3, '2019-05-20', 13490),
    (262, 20, 9, 262, 1, '2018-04-24', 19790),
    (263, 37, 7, 263, 4, '2005-10-20', 105990),
    (264, 6, 40, 264, 6, '2007-01-13', 105990),
    (265, 39, 53, 265, 3, '2009-12-09', 13490),
    (266, 24, 24, 266, 1, '2005-06-18', 19790),
    (267, 42, 46, 267, 2, '2005-12-22', 13490),
    (268, 3, 5, 268, 6, '2008-08-07', 105990),
    (269, 20, 40, 269, 4, '2019-02-03', 105990),
    (270, 8, 46, 270, 3, '2011-03-29', 19790),
    (271, 4, 52, 271, 4, '2015-05-03', 105990),
    (272, 24, 17, 272, 4, '2008-06-05', 105990),
    (273, 47, 47, 273, 5, '2017-07-10', 105990),
    (274, 49, 75, 274, 2, '2009-05-10', 9990),
    (275, 38, 53, 275, 3, '2012-03-11', 9990),
    (276, 43, 32, 276, 3, '2006-05-30', 17990),
    (277, 14, 61, 277, 3, '2010-01-05', 19790),
    (278, 39, 34, 278, 6, '2006-04-14', 105990),
    (279, 38, 4, 279, 4, '2015-12-17', 59990),
    (280, 47, 54, 280, 2, '2006-06-03', 17990),
    (281, 11, 88, 281, 1, '2006-05-22', 9990),
    (282, 26, 5, 282, 5, '2014-09-30', 59990),
    (283, 2, 24, 283, 3, '2014-10-18', 9990),
    (284, 29, 24, 284, 3, '2014-12-25', 13490),
    (285, 13, 74, 285, 1, '2016-08-11', 13490),
    (286, 15, 14, 286, 5, '2017-08-21', 105990),
    (287, 21, 80, 287, 3, '2015-07-09', 17990),
    (288, 12, 18, 288, 6, '2009-03-15', 105990),
    (289, 37, 14, 289, 5, '2018-07-18', 59990),
    (290, 18, 71, 290, 1, '2006-02-15', 19790),
    (291, 1, 73, 291, 6, '2007-05-16', 105990),
    (292, 19, 14, 292, 6, '2008-06-11', 105990),
    (293, 42, 70, 293, 3, '2017-04-05', 19790),
    (294, 20, 11, 294, 3, '2013-12-11', 19790),
    (295, 43, 60, 295, 4, '2013-11-18', 105990),
    (296, 25, 47, 296, 4, '2011-10-26', 105990),
    (297, 19, 24, 297, 1, '2017-01-02', 13490),
    (298, 18, 27, 298, 6, '2010-08-28', 105990),
    (299, 21, 54, 299, 3, '2013-11-11', 17990),
    (300, 28, 48, 300, 1, '2011-12-16', 17990),
    (301, 24, 59, 301, 2, '2006-11-21', 19790),
    (302, 38, 88, 302, 3, '2015-07-11', 19790),
    (303, 6, 55, 303, 5, '2009-07-30', 105990),
    (304, 26, 45, 304, 1, '2009-08-20', 13490),
    (305, 25, 14, 305, 6, '2011-01-10', 59990),
    (306, 14, 27, 306, 4, '2018-04-18', 59990),
    (307, 24, 9, 307, 2, '2012-04-01', 17990),
    (308, 2, 72, 308, 5, '2018-01-30', 59990),
    (309, 2, 31, 309, 2, '2008-06-15', 9990),
    (310, 45, 36, 310, 2, '2018-10-29', 17990),
    (311, 31, 34, 311, 6, '2009-06-09', 59990),
    (312, 39, 93, 312, 2, '2005-10-02', 13490),
    (313, 6, 27, 313, 5, '2013-08-30', 59990),
    (314, 25, 58, 314, 6, '2008-01-17', 105990),
    (315, 18, 49, 315, 4, '2005-09-22', 59990),
    (316, 25, 39, 316, 2, '2009-06-12', 17990),
    (317, 34, 78, 317, 3, '2017-09-10', 9990),
    (318, 39, 44, 318, 2, '2013-10-25', 13490),
    (319, 25, 82, 319, 6, '2018-07-19', 59990),
    (320, 34, 89, 320, 4, '2007-12-26', 59990),
    (321, 4, 31, 321, 1, '2019-07-15', 19790),
    (322, 35, 51, 322, 2, '2009-05-20', 9990),
    (323, 40, 29, 323, 3, '2012-06-25', 17990),
    (324, 26, 61, 324, 2, '2016-11-29', 19790),
    (325, 14, 52, 325, 5, '2017-02-24', 59990),
    (326, 4, 92, 326, 1, '2017-07-05', 17990),
    (327, 3, 33, 327, 2, '2007-04-29', 19790),
    (328, 11, 53, 328, 1, '2019-06-29', 19790),
    (329, 33, 55, 329, 6, '2013-06-29', 105990),
    (330, 31, 66, 330, 5, '2016-05-14', 105990),
    (331, 4, 82, 331, 5, '2019-06-27', 59990),
    (332, 30, 24, 332, 3, '2005-05-31', 9990),
    (333, 2, 1, 333, 3, '2018-11-23', 19790),
    (334, 14, 8, 334, 6, '2007-03-21', 59990),
    (335, 20, 89, 335, 5, '2008-06-01', 59990),
    (336, 17, 32, 336, 3, '2019-09-16', 19790),
    (337, 4, 6, 337, 6, '2015-10-04', 105990),
    (338, 34, 75, 338, 2, '2012-09-10', 13490),
    (339, 45, 22, 339, 5, '2013-03-01', 105990),
    (340, 38, 11, 340, 1, '2013-08-07', 19790),
    (341, 20, 19, 341, 1, '2014-04-21', 19790),
    (342, 36, 14, 342, 5, '2015-05-17', 105990),
    (343, 25, 10, 343, 3, '2012-12-03', 19790),
    (344, 27, 2, 344, 3, '2015-05-12', 19790),
    (345, 42, 75, 345, 1, '2017-07-05', 13490),
    (346, 8, 53, 346, 2, '2014-05-03', 17990),
    (347, 9, 3, 347, 3, '2009-12-05', 13490),
    (348, 18, 75, 348, 3, '2014-07-31', 17990),
    (349, 9, 93, 349, 2, '2018-02-08', 9990),
    (350, 34, 41, 350, 2, '2006-09-13', 9990),
    (351, 10, 87, 351, 2, '2013-01-21', 13490),
    (352, 18, 54, 352, 1, '2012-09-04', 13490),
    (353, 23, 79, 353, 6, '2012-09-20', 59990),
    (354, 44, 85, 354, 1, '2017-02-26', 13490),
    (355, 36, 30, 355, 4, '2016-03-21', 59990),
    (356, 34, 18, 356, 4, '2010-06-02', 59990),
    (357, 2, 74, 357, 3, '2017-04-13', 13490),
    (358, 9, 70, 358, 2, '2014-12-17', 17990),
    (359, 41, 50, 359, 6, '2011-08-20', 59990),
    (360, 29, 36, 360, 2, '2015-08-20', 17990),
    (361, 41, 29, 361, 3, '2006-02-13', 17990),
    (362, 35, 35, 362, 3, '2009-01-15', 19790),
    (363, 9, 71, 363, 2, '2011-02-17', 13490),
    (364, 2, 93, 364, 2, '2017-03-10', 19790),
    (365, 34, 73, 365, 5, '2009-06-05', 59990),
    (366, 10, 57, 366, 3, '2009-10-16', 19790),
    (367, 12, 76, 367, 1, '2010-10-17', 9990),
    (368, 6, 51, 368, 1, '2019-07-13', 9990),
    (369, 47, 38, 369, 4, '2014-04-06', 59990),
    (370, 45, 48, 370, 1, '2005-09-20', 17990),
    (371, 34, 37, 371, 5, '2018-07-18', 59990),
    (372, 33, 92, 372, 2, '2007-03-06', 13490),
    (373, 31, 24, 373, 3, '2017-10-20', 17990),
    (374, 49, 43, 374, 2, '2011-11-02', 17990),
    (375, 29, 58, 375, 6, '2008-02-26', 59990),
    (376, 42, 47, 376, 5, '2019-08-21', 105990),
    (377, 21, 76, 377, 3, '2010-11-09', 19790),
    (378, 30, 13, 378, 4, '2018-03-18', 59990),
    (379, 39, 81, 379, 2, '2010-01-25', 19790),
    (380, 23, 48, 380, 1, '2011-07-06', 9990),
    (381, 42, 72, 381, 4, '2018-03-13', 59990),
    (382, 6, 83, 382, 4, '2014-02-05', 59990),
    (383, 12, 67, 383, 4, '2007-08-28', 59990),
    (384, 26, 23, 384, 2, '2005-06-19', 19790),
    (385, 12, 76, 385, 2, '2010-02-14', 9990),
    (386, 38, 24, 386, 3, '2008-09-18', 9990),
    (387, 26, 43, 387, 1, '2007-11-05', 17990),
    (388, 16, 55, 388, 6, '2008-05-04', 105990),
    (389, 45, 1, 389, 1, '2013-10-29', 13490),
    (390, 8, 36, 390, 3, '2010-11-13', 13490),
    (391, 20, 92, 391, 3, '2005-03-20', 9990),
    (392, 18, 6, 392, 5, '2007-11-12', 105990),
    (393, 16, 72, 393, 5, '2009-03-05', 105990),
    (394, 7, 84, 394, 4, '2008-01-22', 59990),
    (395, 41, 45, 395, 3, '2010-09-15', 17990),
    (396, 31, 61, 396, 3, '2019-01-31', 9990),
    (397, 37, 58, 397, 4, '2018-10-20', 105990),
    (398, 29, 60, 398, 5, '2007-06-24', 59990),
    (399, 27, 71, 399, 2, '2014-01-05', 13490),
    (400, 24, 7, 400, 5, '2006-11-09', 59990),
    (401, 42, 64, 401, 3, '2010-01-30', 9990),
    (402, 31, 70, 402, 3, '2019-02-02', 19790),
    (403, 22, 89, 403, 6, '2012-07-17', 105990),
    (404, 28, 9, 404, 3, '2012-09-14', 19790),
    (405, 44, 92, 405, 3, '2009-08-12', 19790),
    (406, 46, 86, 406, 3, '2019-08-14', 17990),
    (407, 11, 46, 407, 1, '2008-10-14', 9990),
    (408, 1, 20, 408, 6, '2012-04-07', 105990),
    (409, 13, 69, 409, 6, '2018-08-20', 59990),
    (410, 49, 2, 410, 3, '2014-07-15', 17990),
    (411, 45, 1, 411, 2, '2010-12-25', 13490),
    (412, 20, 62, 412, 2, '2015-08-27', 19790),
    (413, 20, 66, 413, 5, '2009-06-05', 59990),
    (414, 11, 89, 414, 5, '2013-12-23', 105990),
    (415, 28, 54, 415, 2, '2019-08-25', 13490),
    (416, 9, 45, 416, 3, '2005-08-21', 13490),
    (417, 34, 56, 417, 4, '2010-12-28', 59990),
    (418, 33, 54, 418, 3, '2010-06-01', 9990),
    (419, 36, 21, 419, 4, '2014-03-21', 59990),
    (420, 31, 48, 420, 3, '2013-04-13', 13490),
    (421, 50, 15, 421, 6, '2008-01-29', 59990),
    (422, 50, 73, 422, 6, '2006-06-04', 105990),
    (423, 50, 71, 423, 2, '2012-01-27', 13490),
    (424, 10, 2, 424, 2, '2019-04-29', 19790),
    (425, 40, 17, 425, 4, '2007-05-22', 105990),
    (426, 10, 41, 426, 2, '2018-04-07', 19790),
    (427, 48, 23, 427, 2, '2006-05-16', 9990),
    (428, 8, 7, 428, 4, '2008-09-04', 105990),
    (429, 12, 81, 429, 1, '2016-08-31', 9990),
    (430, 1, 87, 430, 1, '2006-03-08', 9990),
    (431, 5, 79, 431, 6, '2007-05-11', 59990),
    (432, 5, 69, 432, 5, '2010-11-04', 59990),
    (433, 8, 1, 433, 1, '2007-03-16', 9990),
    (434, 16, 63, 434, 5, '2016-10-17', 105990),
    (435, 50, 63, 435, 4, '2017-11-05', 59990),
    (436, 40, 73, 436, 5, '2013-09-09', 105990),
    (437, 29, 74, 437, 2, '2013-08-25', 19790),
    (438, 38, 37, 438, 4, '2007-11-28', 105990),
    (439, 14, 51, 439, 1, '2008-01-06', 19790),
    (440, 8, 83, 440, 4, '2006-10-27', 105990),
    (441, 15, 51, 441, 1, '2013-10-09', 17990),
    (442, 36, 86, 442, 1, '2015-01-25', 9990),
    (443, 24, 35, 443, 1, '2017-10-31', 19790),
    (444, 18, 43, 444, 3, '2016-06-22', 13490),
    (445, 1, 73, 445, 6, '2011-09-28', 105990),
    (446, 32, 25, 446, 6, '2011-08-19', 105990),
    (447, 14, 86, 447, 3, '2015-06-13', 9990),
    (448, 45, 13, 448, 6, '2018-02-03', 105990),
    (449, 24, 62, 449, 3, '2006-09-25', 17990),
    (450, 38, 59, 450, 2, '2010-12-25', 19790),
    (451, 41, 9, 451, 3, '2016-02-17', 19790),
    (452, 9, 26, 452, 4, '2012-04-15', 59990),
    (453, 3, 74, 453, 2, '2017-08-01', 13490),
    (454, 49, 14, 454, 6, '2014-05-26', 59990),
    (455, 5, 40, 455, 6, '2017-05-07', 59990),
    (456, 10, 45, 456, 1, '2013-02-23', 19790),
    (457, 42, 50, 457, 5, '2016-03-16', 105990),
    (458, 31, 23, 458, 3, '2017-07-10', 13490),
    (459, 3, 76, 459, 2, '2015-01-04', 19790),
    (460, 10, 42, 460, 3, '2016-01-20', 19790),
    (461, 39, 30, 461, 6, '2018-09-19', 59990),
    (462, 42, 4, 462, 6, '2014-08-22', 59990),
    (463, 47, 44, 463, 2, '2017-08-30', 17990),
    (464, 12, 8, 464, 4, '2006-11-20', 105990),
    (465, 49, 17, 465, 5, '2010-12-23', 59990),
    (466, 23, 38, 466, 4, '2005-05-16', 105990),
    (467, 44, 24, 467, 2, '2013-05-02', 13490),
    (468, 11, 88, 468, 1, '2012-07-01', 9990),
    (469, 23, 59, 469, 2, '2005-09-12', 9990),
    (470, 5, 45, 470, 2, '2016-05-19', 9990),
    (471, 44, 40, 471, 4, '2012-12-16', 59990),
    (472, 48, 14, 472, 6, '2015-07-18', 59990),
    (473, 6, 36, 473, 1, '2013-01-06', 9990),
    (474, 9, 47, 474, 5, '2011-10-29', 105990),
    (475, 28, 75, 475, 3, '2011-09-03', 13490),
    (476, 38, 88, 476, 1, '2009-04-28', 13490),
    (477, 37, 1, 477, 2, '2011-07-12', 19790),
    (478, 27, 15, 478, 5, '2012-05-03', 59990),
    (479, 34, 10, 479, 1, '2013-06-10', 13490),
    (480, 13, 27, 480, 6, '2014-10-28', 105990),
    (481, 39, 52, 481, 6, '2008-03-22', 59990),
    (482, 26, 43, 482, 3, '2007-04-10', 13490),
    (483, 29, 32, 483, 3, '2010-07-23', 13490),
    (484, 42, 71, 484, 1, '2012-04-04', 17990),
    (485, 3, 19, 485, 3, '2012-03-06', 19790),
    (486, 30, 86, 486, 3, '2016-12-19', 17990),
    (487, 39, 40, 487, 4, '2018-10-08', 105990),
    (488, 36, 42, 488, 3, '2010-10-10', 17990),
    (489, 18, 59, 489, 1, '2006-05-23', 9990),
    (490, 16, 59, 490, 2, '2009-05-28', 17990),
    (491, 29, 52, 491, 5, '2017-11-29', 59990),
    (492, 1, 85, 492, 1, '2014-07-01', 9990),
    (493, 44, 9, 493, 2, '2006-09-28', 13490),
    (494, 26, 19, 494, 2, '2008-10-09', 9990),
    (495, 16, 62, 495, 1, '2005-02-19', 13490),
    (496, 48, 33, 496, 3, '2019-04-14', 9990),
    (497, 45, 23, 497, 2, '2018-01-22', 19790),
    (498, 19, 92, 498, 3, '2011-10-14', 17990),
    (499, 26, 3, 499, 3, '2019-02-20', 13490),
    (500, 47, 81, 500, 3, '2010-02-06', 13490),
    (501, 41, 81, 501, 3, '2018-12-11', 9990),
    (502, 21, 68, 502, 5, '2018-03-25', 59990),
    (503, 11, 19, 503, 2, '2011-01-23', 13490),
    (504, 11, 87, 504, 1, '2015-03-08', 9990),
    (505, 50, 86, 505, 2, '2009-05-14', 9990),
    (506, 1, 34, 506, 5, '2016-08-05', 105990),
    (507, 15, 60, 507, 6, '2015-01-24', 105990),
    (508, 36, 53, 508, 2, '2006-03-13', 19790),
    (509, 45, 29, 509, 2, '2015-01-23', 17990),
    (510, 47, 80, 510, 2, '2006-02-19', 13490),
    (511, 48, 55, 511, 4, '2010-06-17', 59990),
    (512, 19, 66, 512, 5, '2019-02-27', 59990),
    (513, 35, 74, 513, 3, '2007-12-28', 9990),
    (514, 50, 45, 514, 1, '2014-06-28', 17990),
    (515, 43, 52, 515, 6, '2013-10-18', 59990),
    (516, 46, 33, 516, 1, '2018-04-18', 19790),
    (517, 22, 85, 517, 2, '2014-10-28', 17990),
    (518, 39, 24, 518, 2, '2006-04-23', 17990),
    (519, 16, 15, 519, 4, '2006-02-13', 105990),
    (520, 29, 85, 520, 2, '2013-01-23', 13490),
    (521, 44, 63, 521, 6, '2011-03-04', 105990),
    (522, 25, 32, 522, 2, '2016-07-01', 19790),
    (523, 6, 40, 523, 4, '2019-07-29', 105990),
    (524, 12, 58, 524, 4, '2007-11-02', 105990),
    (525, 1, 55, 525, 4, '2008-06-17', 105990),
    (526, 37, 8, 526, 6, '2016-05-11', 59990),
    (527, 46, 53, 527, 1, '2012-01-03', 17990),
    (528, 14, 37, 528, 6, '2008-03-08', 59990),
    (529, 23, 78, 529, 2, '2015-02-24', 17990),
    (530, 32, 51, 530, 1, '2007-06-22', 17990),
    (531, 46, 59, 531, 2, '2018-11-07', 19790),
    (532, 34, 74, 532, 2, '2008-04-24', 13490),
    (533, 14, 52, 533, 6, '2018-05-19', 59990),
    (534, 20, 31, 534, 3, '2006-07-09', 13490),
    (535, 43, 77, 535, 4, '2010-12-07', 105990),
    (536, 14, 72, 536, 5, '2010-03-07', 59990),
    (537, 36, 35, 537, 1, '2017-09-08', 17990),
    (538, 35, 30, 538, 6, '2013-12-17', 59990),
    (539, 39, 14, 539, 6, '2019-02-19', 59990),
    (540, 40, 83, 540, 6, '2006-09-13', 105990),
    (541, 18, 29, 541, 2, '2009-09-12', 9990),
    (542, 10, 20, 542, 4, '2005-07-10', 105990),
    (543, 11, 89, 543, 4, '2006-03-28', 105990),
    (544, 24, 92, 544, 1, '2017-09-16', 17990),
    (545, 36, 70, 545, 1, '2015-04-19', 13490),
    (546, 22, 68, 546, 4, '2005-04-23', 59990),
    (547, 40, 29, 547, 1, '2015-10-18', 19790),
    (548, 43, 48, 548, 3, '2011-03-31', 13490),
    (549, 6, 74, 549, 3, '2014-02-17', 17990),
    (550, 31, 39, 550, 3, '2012-02-29', 13490),
    (551, 7, 52, 551, 6, '2005-04-08', 105990),
    (552, 23, 52, 552, 6, '2005-09-07', 59990),
    (553, 35, 34, 553, 5, '2010-05-26', 59990),
    (554, 32, 42, 554, 1, '2010-05-28', 13490),
    (555, 43, 58, 555, 6, '2016-09-08', 59990),
    (556, 22, 65, 556, 6, '2015-05-12', 105990),
    (557, 40, 58, 557, 6, '2005-07-16', 59990),
    (558, 3, 27, 558, 4, '2005-08-28', 105990),
    (559, 5, 8, 559, 4, '2005-08-07', 59990),
    (560, 12, 46, 560, 3, '2005-08-17', 9990),
    (561, 49, 11, 561, 1, '2006-05-09', 17990),
    (562, 16, 57, 562, 1, '2017-05-18', 9990),
    (563, 8, 19, 563, 1, '2009-10-12', 13490),
    (564, 35, 23, 564, 2, '2014-07-03', 13490),
    (565, 36, 17, 565, 5, '2007-06-17', 59990),
    (566, 19, 8, 566, 5, '2013-06-04', 105990),
    (567, 12, 42, 567, 3, '2018-11-24', 9990),
    (568, 37, 5, 568, 4, '2013-06-21', 105990),
    (569, 28, 55, 569, 4, '2010-05-05', 105990),
    (570, 3, 34, 570, 5, '2015-12-04', 105990),
    (571, 26, 22, 571, 6, '2005-04-17', 59990),
    (572, 11, 77, 572, 5, '2014-03-23', 105990),
    (573, 27, 35, 573, 1, '2009-01-15', 19790),
    (574, 23, 49, 574, 4, '2015-09-28', 105990),
    (575, 35, 82, 575, 6, '2013-11-27', 59990),
    (576, 39, 89, 576, 6, '2017-04-06', 105990),
    (577, 32, 49, 577, 5, '2010-07-26', 59990),
    (578, 17, 48, 578, 1, '2007-01-29', 19790),
    (579, 22, 13, 579, 5, '2012-09-07', 105990),
    (580, 39, 25, 580, 6, '2005-04-20', 59990),
    (581, 31, 31, 581, 3, '2012-12-04', 9990),
    (582, 45, 90, 582, 2, '2005-02-06', 19790),
    (583, 2, 5, 583, 4, '2009-04-25', 59990),
    (584, 48, 4, 584, 6, '2012-09-13', 105990),
    (585, 41, 53, 585, 3, '2008-11-25', 9990),
    (586, 14, 77, 586, 6, '2010-03-10', 105990),
    (587, 24, 20, 587, 6, '2012-06-26', 105990),
    (588, 35, 62, 588, 3, '2016-02-05', 9990),
    (589, 12, 27, 589, 4, '2009-10-10', 105990),
    (590, 1, 53, 590, 3, '2015-10-18', 9990),
    (591, 24, 81, 591, 2, '2013-09-11', 17990),
    (592, 11, 23, 592, 1, '2018-09-12', 17990),
    (593, 32, 51, 593, 3, '2013-06-01', 9990),
    (594, 15, 54, 594, 1, '2017-02-19', 13490),
    (595, 34, 67, 595, 4, '2014-12-18', 59990),
    (596, 25, 14, 596, 4, '2010-07-01', 59990),
    (597, 10, 82, 597, 5, '2006-08-12', 105990),
    (598, 47, 33, 598, 3, '2013-05-19', 19790),
    (599, 32, 50, 599, 5, '2014-09-06', 105990),
    (600, 50, 52, 600, 5, '2016-02-12', 105990),
    (601, 50, 34, 601, 4, '2005-05-21', 105990),
    (602, 28, 10, 602, 1, '2018-02-16', 19790),
    (603, 41, 33, 603, 1, '2014-05-01', 17990),
    (604, 2, 38, 604, 4, '2016-12-07', 105990),
    (605, 39, 7, 605, 4, '2014-08-25', 59990) 
GO

PRINT FORMAT(getdate(), 'dd/MM/yyyy HH:mm') + ' Insertando documentos.';
INSERT INTO dbo.documento
    ([ID_DOCUMENTO], [ID_VENTA], [ID_TIPO], [ID_ESTADO], [FOLIO_DOCUMENTO], [FEC_EMITIDO], [FEC_pago], [MONTO_DOCUMENTO])
VALUES
    (1, 1, 1, 1, '1-28205743', '2007-12-27', '2007-12-27', 13490),
    (2, 2, 1, 1, '2-30456055', '2012-05-05', '2012-05-05', 59990),
    (3, 3, 1, 1, '3-34796138', '2008-07-17', '2008-07-17', 59990),
    (4, 4, 1, 1, '4-21600997', '2010-03-10', '2010-03-10', 105990),
    (5, 5, 2, 1, '5-25306244', '2019-04-28', '2019-04-28', 105990),
    (6, 6, 2, 1, '6-21899196', '2017-11-30', '2017-11-30', 59990),
    (7, 7, 1, 1, '7-35607885', '2010-07-12', '2010-07-12', 17990),
    (8, 8, 1, 1, '8-35383369', '2009-08-30', '2009-08-30', 105990),
    (9, 9, 2, 1, '9-30888558', '2016-12-04', '2016-12-04', 105990),
    (10, 10, 1, 1, '10-27792512', '2005-08-23', '2005-08-23', 19790),
    (11, 11, 2, 1, '11-27264124', '2012-10-30', '2012-10-30', 59990),
    (12, 12, 2, 1, '12-30755327', '2006-08-08', '2006-08-08', 59990),
    (13, 13, 2, 2, '13-33019301', '2015-08-23', '', 59990),
    (14, 14, 2, 2, '14-35888165', '2018-12-11', '', 59990),
    (15, 15, 1, 1, '15-33026393', '2008-06-10', '2008-06-10', 105990),
    (16, 16, 1, 1, '16-33361833', '2013-07-04', '2013-07-04', 19790),
    (17, 17, 1, 1, '17-23824885', '2008-04-21', '2008-04-21', 17990),
    (18, 18, 2, 1, '18-24622275', '2017-05-26', '2017-05-26', 59990),
    (19, 19, 2, 2, '19-35097828', '2010-01-26', '', 59990),
    (20, 20, 1, 1, '20-24822801', '2010-10-20', '2010-10-20', 105990),
    (21, 21, 2, 1, '21-33243009', '2014-03-11', '2014-03-11', 59990),
    (22, 22, 2, 1, '22-23007884', '2018-03-31', '2018-03-31', 13490),
    (23, 23, 2, 2, '23-35099447', '2006-01-15', '', 59990),
    (24, 24, 2, 2, '24-25337360', '2015-12-20', '', 105990),
    (25, 25, 1, 1, '25-35260479', '2008-10-03', '2008-10-03', 13490),
    (26, 26, 1, 1, '26-28336415', '2017-12-02', '2017-12-02', 59990),
    (27, 27, 1, 1, '27-25986945', '2017-03-19', '2017-03-19', 17990),
    (28, 28, 1, 1, '28-25347077', '2019-06-27', '2019-06-27', 19790),
    (29, 29, 2, 1, '29-33167520', '2018-12-03', '2018-12-03', 19790),
    (30, 30, 2, 2, '30-29886930', '2007-06-06', '', 9990),
    (31, 31, 2, 1, '31-33783986', '2017-09-28', '2017-09-28', 19790),
    (32, 32, 2, 2, '32-32486342', '2015-06-08', '', 9990),
    (33, 33, 1, 1, '33-30613659', '2013-12-18', '2013-12-18', 105990),
    (34, 34, 1, 1, '34-31401085', '2006-01-01', '2006-01-01', 17990),
    (35, 35, 1, 1, '35-31783474', '2005-03-12', '2005-03-12', 19790),
    (36, 36, 1, 1, '36-35378215', '2013-08-06', '2013-08-06', 13490),
    (37, 37, 1, 1, '37-32013618', '2005-07-10', '2005-07-10', 19790),
    (38, 38, 2, 1, '38-26423932', '2006-11-30', '2006-11-30', 59990),
    (39, 39, 1, 1, '39-33839595', '2013-05-16', '2013-05-16', 105990),
    (40, 40, 1, 1, '40-27878255', '2015-10-17', '2015-10-17', 17990),
    (41, 41, 1, 1, '41-29148949', '2008-08-21', '2008-08-21', 105990),
    (42, 42, 2, 2, '42-33582792', '2006-12-17', '', 13490),
    (43, 43, 2, 2, '43-23480340', '2011-07-15', '', 17990),
    (44, 44, 1, 1, '44-32662503', '2009-08-24', '2009-08-24', 105990),
    (45, 45, 1, 1, '45-33702742', '2013-09-27', '2013-09-27', 59990),
    (46, 46, 1, 1, '46-27566132', '2012-08-21', '2012-08-21', 9990),
    (47, 47, 2, 2, '47-22235748', '2014-09-24', '', 9990),
    (48, 48, 2, 2, '48-23150721', '2018-11-16', '', 17990),
    (49, 49, 1, 1, '49-27359494', '2015-12-07', '2015-12-07', 105990),
    (50, 50, 1, 1, '50-34451246', '2009-04-12', '2009-04-12', 105990),
    (51, 51, 2, 2, '51-27550561', '2010-08-17', '', 19790),
    (52, 52, 1, 1, '52-33008323', '2013-07-17', '2013-07-17', 19790),
    (53, 53, 2, 1, '53-22176716', '2007-10-16', '2007-10-16', 17990),
    (54, 54, 1, 1, '54-22705644', '2018-09-17', '2018-09-17', 105990),
    (55, 55, 1, 1, '55-25769299', '2018-08-20', '2018-08-20', 105990),
    (56, 56, 2, 1, '56-25905422', '2017-10-31', '2017-10-31', 59990),
    (57, 57, 1, 1, '57-28030899', '2017-03-23', '2017-03-23', 105990),
    (58, 58, 2, 1, '58-29718396', '2013-11-06', '2013-11-06', 59990),
    (59, 59, 1, 1, '59-33803158', '2010-09-19', '2010-09-19', 9990),
    (60, 60, 1, 1, '60-22858413', '2006-07-27', '2006-07-27', 59990),
    (61, 61, 1, 1, '61-30158558', '2014-12-18', '2014-12-18', 19790),
    (62, 62, 1, 1, '62-25271135', '2016-01-04', '2016-01-04', 59990),
    (63, 63, 2, 2, '63-23874140', '2017-09-23', '', 59990),
    (64, 64, 2, 2, '64-28337398', '2019-06-02', '', 105990),
    (65, 65, 2, 2, '65-33720879', '2011-12-24', '', 59990),
    (66, 66, 2, 2, '66-25052541', '2009-11-17', '', 105990),
    (67, 67, 2, 1, '67-25787843', '2008-08-13', '2008-08-13', 13490),
    (68, 68, 2, 2, '68-21628202', '2009-06-14', '', 105990),
    (69, 69, 1, 1, '69-28714513', '2017-02-26', '2017-02-26', 17990),
    (70, 70, 1, 1, '70-28763778', '2007-04-19', '2007-04-19', 13490),
    (71, 71, 2, 2, '71-22729934', '2008-11-26', '', 105990),
    (72, 72, 1, 1, '72-30189723', '2006-05-22', '2006-05-22', 59990),
    (73, 73, 1, 1, '73-35577935', '2014-07-23', '2014-07-23', 105990),
    (74, 74, 2, 2, '74-27168651', '2016-11-17', '', 13490),
    (75, 75, 1, 1, '75-33900130', '2006-11-25', '2006-11-25', 13490),
    (76, 76, 2, 1, '76-29307167', '2006-11-02', '2006-11-02', 19790),
    (77, 77, 2, 1, '77-29772566', '2010-02-19', '2010-02-19', 59990),
    (78, 78, 2, 2, '78-27456199', '2006-12-05', '', 59990),
    (79, 79, 1, 1, '79-31944966', '2017-08-14', '2017-08-14', 59990),
    (80, 80, 1, 1, '80-33540520', '2012-09-22', '2012-09-22', 59990),
    (81, 81, 2, 2, '81-33897152', '2005-03-23', '', 59990),
    (82, 82, 1, 1, '82-29475789', '2009-07-30', '2009-07-30', 105990),
    (83, 83, 2, 2, '83-34898798', '2012-07-13', '', 59990),
    (84, 84, 1, 1, '84-25139441', '2006-11-06', '2006-11-06', 17990),
    (85, 85, 1, 1, '85-34570692', '2008-02-23', '2008-02-23', 13490),
    (86, 86, 2, 1, '86-27042357', '2019-08-31', '2019-08-31', 19790),
    (87, 87, 2, 2, '87-22509211', '2012-01-26', '', 13490),
    (88, 88, 2, 2, '88-26741336', '2005-11-04', '', 59990),
    (89, 89, 2, 1, '89-35214928', '2010-12-26', '2010-12-26', 59990),
    (90, 90, 2, 2, '90-31478032', '2006-11-07', '', 105990),
    (91, 91, 2, 1, '91-35113706', '2006-08-30', '2006-08-30', 19790),
    (92, 92, 2, 2, '92-29757186', '2005-01-25', '', 17990),
    (93, 93, 2, 1, '93-34129044', '2005-07-17', '2005-07-17', 9990),
    (94, 94, 1, 1, '94-30409581', '2017-03-28', '2017-03-28', 17990),
    (95, 95, 2, 2, '95-35239011', '2014-07-18', '', 59990),
    (96, 96, 1, 1, '96-24809277', '2008-04-14', '2008-04-14', 59990),
    (97, 97, 1, 1, '97-26067391', '2011-01-08', '2011-01-08', 9990),
    (98, 98, 1, 1, '98-25845620', '2008-04-01', '2008-04-01', 59990),
    (99, 99, 1, 1, '99-24144613', '2007-01-02', '2007-01-02', 17990),
    (100, 100, 1, 1, '100-32011650', '2017-10-23', '2017-10-23', 59990),
    (101, 101, 1, 1, '101-28879552', '2010-05-10', '2010-05-10', 13490),
    (102, 102, 1, 1, '102-23907216', '2007-07-12', '2007-07-12', 59990),
    (103, 103, 2, 1, '103-32070730', '2018-03-31', '2018-03-31', 17990),
    (104, 104, 2, 2, '104-33906887', '2007-03-01', '', 59990),
    (105, 105, 2, 2, '105-29578024', '2007-12-09', '', 13490),
    (106, 106, 2, 1, '106-34206169', '2015-02-10', '2015-02-10', 9990),
    (107, 107, 2, 2, '107-23869667', '2019-03-30', '', 13490),
    (108, 108, 1, 1, '108-32512910', '2009-05-25', '2009-05-25', 13490),
    (109, 109, 2, 2, '109-28459957', '2013-02-19', '', 9990),
    (110, 110, 2, 1, '110-35130000', '2015-09-01', '2015-09-01', 59990),
    (111, 111, 2, 2, '111-21606710', '2019-02-28', '', 13490),
    (112, 112, 1, 1, '112-29856278', '2015-06-18', '2015-06-18', 105990),
    (113, 113, 1, 1, '113-26772494', '2013-10-18', '2013-10-18', 59990),
    (114, 114, 1, 1, '114-32533270', '2009-08-16', '2009-08-16', 17990),
    (115, 115, 1, 1, '115-32854470', '2016-09-04', '2016-09-04', 105990),
    (116, 116, 2, 1, '116-31209668', '2018-01-20', '2018-01-20', 59990),
    (117, 117, 1, 1, '117-25517026', '2009-01-09', '2009-01-09', 105990),
    (118, 118, 1, 1, '118-23646844', '2018-09-30', '2018-09-30', 9990),
    (119, 119, 1, 1, '119-30051158', '2016-08-16', '2016-08-16', 17990),
    (120, 120, 1, 1, '120-24184873', '2015-12-10', '2015-12-10', 59990),
    (121, 121, 2, 1, '121-28578522', '2007-11-03', '2007-11-03', 105990),
    (122, 122, 1, 1, '122-27650007', '2018-06-29', '2018-06-29', 105990),
    (123, 123, 1, 1, '123-30359598', '2012-08-21', '2012-08-21', 9990),
    (124, 124, 2, 1, '124-30165340', '2005-12-25', '2005-12-25', 13490),
    (125, 125, 1, 1, '125-31656252', '2010-01-03', '2010-01-03', 19790),
    (126, 126, 1, 1, '126-25870446', '2017-09-08', '2017-09-08', 13490),
    (127, 127, 2, 2, '127-25407419', '2015-01-08', '', 59990),
    (128, 128, 2, 2, '128-26584294', '2017-11-03', '', 59990),
    (129, 129, 2, 2, '129-27388873', '2010-09-12', '', 105990),
    (130, 130, 1, 1, '130-22845633', '2012-03-03', '2012-03-03', 105990),
    (131, 131, 1, 1, '131-28095922', '2005-01-16', '2005-01-16', 17990),
    (132, 132, 1, 1, '132-28535509', '2010-07-16', '2010-07-16', 17990),
    (133, 133, 1, 1, '133-27198842', '2012-09-10', '2012-09-10', 105990),
    (134, 134, 2, 2, '134-29489040', '2013-07-10', '', 59990),
    (135, 135, 1, 1, '135-29026586', '2012-06-27', '2012-06-27', 13490),
    (136, 136, 2, 2, '136-30295714', '2017-07-12', '', 105990),
    (137, 137, 2, 2, '137-27824148', '2011-05-15', '', 59990),
    (138, 138, 1, 1, '138-25691414', '2018-07-18', '2018-07-18', 9990),
    (139, 139, 1, 1, '139-23421016', '2008-06-05', '2008-06-05', 13490),
    (140, 140, 2, 1, '140-32008372', '2006-02-12', '2006-02-12', 105990),
    (141, 141, 1, 1, '141-25767204', '2005-09-03', '2005-09-03', 13490),
    (142, 142, 2, 2, '142-21672367', '2012-10-28', '', 105990),
    (143, 143, 1, 1, '143-23233329', '2005-02-20', '2005-02-20', 9990),
    (144, 144, 2, 2, '144-23552789', '2005-01-27', '', 105990),
    (145, 145, 1, 1, '145-24989133', '2010-01-20', '2010-01-20', 59990),
    (146, 146, 1, 1, '146-27945803', '2019-01-16', '2019-01-16', 9990),
    (147, 147, 1, 1, '147-25665405', '2013-10-24', '2013-10-24', 19790),
    (148, 148, 2, 1, '148-30676141', '2007-01-06', '2007-01-06', 9990),
    (149, 149, 1, 1, '149-28930472', '2013-07-01', '2013-07-01', 105990),
    (150, 150, 1, 1, '150-24531604', '2011-12-18', '2011-12-18', 59990),
    (151, 151, 2, 2, '151-22772740', '2006-10-22', '', 19790),
    (152, 152, 1, 1, '152-35503749', '2005-10-25', '2005-10-25', 59990),
    (153, 153, 2, 2, '153-28025525', '2019-04-05', '', 19790),
    (154, 154, 2, 1, '154-30641586', '2009-07-22', '2009-07-22', 13490),
    (155, 155, 1, 1, '155-34297864', '2013-09-25', '2013-09-25', 19790),
    (156, 156, 2, 1, '156-34215770', '2006-09-20', '2006-09-20', 13490),
    (157, 157, 1, 1, '157-30400853', '2007-11-15', '2007-11-15', 105990),
    (158, 158, 1, 1, '158-34709667', '2007-09-06', '2007-09-06', 59990),
    (159, 159, 1, 1, '159-31140417', '2009-09-04', '2009-09-04', 9990),
    (160, 160, 1, 1, '160-33555626', '2013-06-25', '2013-06-25', 105990),
    (161, 161, 1, 1, '161-33498940', '2018-01-21', '2018-01-21', 59990),
    (162, 162, 1, 1, '162-28333587', '2012-12-22', '2012-12-22', 105990),
    (163, 163, 1, 1, '163-23691591', '2016-03-14', '2016-03-14', 9990),
    (164, 164, 2, 2, '164-23509606', '2018-04-28', '', 105990),
    (165, 165, 2, 2, '165-32300907', '2012-03-09', '', 59990),
    (166, 166, 1, 1, '166-26355621', '2015-01-20', '2015-01-20', 17990),
    (167, 167, 1, 1, '167-23244691', '2006-02-12', '2006-02-12', 13490),
    (168, 168, 1, 1, '168-23638965', '2007-05-04', '2007-05-04', 13490),
    (169, 169, 2, 2, '169-31751284', '2018-01-17', '', 59990),
    (170, 170, 1, 1, '170-27173424', '2012-12-31', '2012-12-31', 59990),
    (171, 171, 1, 1, '171-34447315', '2014-07-28', '2014-07-28', 19790),
    (172, 172, 2, 1, '172-32371494', '2014-04-27', '2014-04-27', 19790),
    (173, 173, 2, 2, '173-34438702', '2010-04-12', '', 17990),
    (174, 174, 2, 1, '174-26780101', '2013-06-29', '2013-06-29', 105990),
    (175, 175, 2, 2, '175-34873812', '2011-08-18', '', 13490),
    (176, 176, 2, 2, '176-29115930', '2005-05-30', '', 105990),
    (177, 177, 1, 1, '177-30721000', '2009-10-13', '2009-10-13', 17990),
    (178, 178, 2, 2, '178-32642481', '2014-08-11', '', 59990),
    (179, 179, 1, 1, '179-33493910', '2017-04-13', '2017-04-13', 59990),
    (180, 180, 2, 1, '180-25764362', '2019-06-08', '2019-06-08', 9990),
    (181, 181, 2, 2, '181-22184916', '2011-05-21', '', 19790),
    (182, 182, 2, 1, '182-25981136', '2017-03-31', '2017-03-31', 17990),
    (183, 183, 2, 2, '183-26907310', '2006-05-14', '', 105990),
    (184, 184, 2, 2, '184-33263833', '2008-08-03', '', 13490),
    (185, 185, 1, 1, '185-27684176', '2006-01-24', '2006-01-24', 9990),
    (186, 186, 1, 1, '186-27796208', '2009-06-05', '2009-06-05', 105990),
    (187, 187, 2, 1, '187-30586988', '2016-12-17', '2016-12-17', 105990),
    (188, 188, 2, 2, '188-32560727', '2008-06-29', '', 9990),
    (189, 189, 2, 2, '189-25410369', '2012-05-14', '', 105990),
    (190, 190, 1, 1, '190-23580842', '2006-02-14', '2006-02-14', 9990),
    (191, 191, 2, 2, '191-26485444', '2017-10-11', '', 9990),
    (192, 192, 1, 1, '192-24631261', '2011-03-30', '2011-03-30', 59990),
    (193, 193, 2, 1, '193-22172206', '2012-01-01', '2012-01-01', 9990),
    (194, 194, 1, 1, '194-24205385', '2019-03-04', '2019-03-04', 19790),
    (195, 195, 2, 2, '195-25705915', '2014-11-26', '', 17990),
    (196, 196, 2, 2, '196-21707369', '2011-01-21', '', 59990),
    (197, 197, 1, 1, '197-34186245', '2014-03-29', '2014-03-29', 59990),
    (198, 198, 2, 1, '198-32553664', '2016-12-23', '2016-12-23', 105990),
    (199, 199, 2, 1, '199-32227281', '2015-06-08', '2015-06-08', 13490),
    (200, 200, 2, 1, '200-27004920', '2007-05-08', '2007-05-08', 19790),
    (201, 201, 2, 1, '201-24734385', '2017-11-30', '2017-11-30', 59990),
    (202, 202, 2, 1, '202-29659130', '2010-09-24', '2010-09-24', 105990),
    (203, 203, 1, 1, '203-29739395', '2016-06-16', '2016-06-16', 13490),
    (204, 204, 2, 1, '204-30756305', '2007-12-11', '2007-12-11', 17990),
    (205, 205, 1, 1, '205-29590058', '2012-01-22', '2012-01-22', 13490),
    (206, 206, 1, 1, '206-30407559', '2015-01-31', '2015-01-31', 17990),
    (207, 207, 2, 2, '207-25484295', '2006-04-14', '', 17990),
    (208, 208, 1, 1, '208-31038472', '2012-06-02', '2012-06-02', 59990),
    (209, 209, 1, 1, '209-23141631', '2011-09-29', '2011-09-29', 19790),
    (210, 210, 2, 1, '210-25313279', '2009-10-19', '2009-10-19', 13490),
    (211, 211, 2, 1, '211-32586043', '2017-10-30', '2017-10-30', 17990),
    (212, 212, 1, 1, '212-33033130', '2009-01-08', '2009-01-08', 105990),
    (213, 213, 2, 2, '213-29341646', '2006-10-03', '', 105990),
    (214, 214, 2, 1, '214-25311010', '2009-10-21', '2009-10-21', 13490),
    (215, 215, 2, 2, '215-31100582', '2007-11-21', '', 9990),
    (216, 216, 1, 1, '216-25724741', '2007-11-06', '2007-11-06', 13490),
    (217, 217, 2, 1, '217-25910154', '2016-10-11', '2016-10-11', 9990),
    (218, 218, 1, 1, '218-28378655', '2016-03-30', '2016-03-30', 17990),
    (219, 219, 1, 1, '219-35425749', '2008-10-19', '2008-10-19', 19790),
    (220, 220, 1, 1, '220-32914457', '2005-07-19', '2005-07-19', 59990),
    (221, 221, 2, 2, '221-22601937', '2019-02-07', '', 19790),
    (222, 222, 2, 2, '222-32678368', '2012-12-18', '', 59990),
    (223, 223, 2, 1, '223-30799487', '2010-01-23', '2010-01-23', 59990),
    (224, 224, 1, 1, '224-31071536', '2010-11-28', '2010-11-28', 59990),
    (225, 225, 1, 1, '225-32347395', '2014-03-28', '2014-03-28', 105990),
    (226, 226, 2, 2, '226-27194861', '2005-02-22', '', 59990),
    (227, 227, 1, 1, '227-25016774', '2011-10-27', '2011-10-27', 59990),
    (228, 228, 1, 1, '228-25133151', '2014-01-17', '2014-01-17', 105990),
    (229, 229, 1, 1, '229-29155665', '2006-08-13', '2006-08-13', 13490),
    (230, 230, 2, 2, '230-23713169', '2018-06-26', '', 19790),
    (231, 231, 1, 1, '231-25811549', '2006-10-24', '2006-10-24', 59990),
    (232, 232, 2, 1, '232-28744064', '2011-03-02', '2011-03-02', 105990),
    (233, 233, 1, 1, '233-27665903', '2013-09-03', '2013-09-03', 59990),
    (234, 234, 2, 1, '234-31980924', '2017-01-26', '2017-01-26', 13490),
    (235, 235, 1, 1, '235-25476665', '2012-08-20', '2012-08-20', 59990),
    (236, 236, 2, 1, '236-34479909', '2013-09-06', '2013-09-06', 19790),
    (237, 237, 2, 1, '237-28013854', '2013-04-02', '2013-04-02', 9990),
    (238, 238, 2, 1, '238-25575097', '2016-02-16', '2016-02-16', 9990),
    (239, 239, 1, 1, '239-28678770', '2011-06-25', '2011-06-25', 9990),
    (240, 240, 2, 1, '240-22652834', '2015-09-11', '2015-09-11', 9990),
    (241, 241, 1, 1, '241-27445555', '2007-05-12', '2007-05-12', 13490),
    (242, 242, 2, 2, '242-29091908', '2007-07-17', '', 59990),
    (243, 243, 1, 1, '243-31135911', '2011-11-15', '2011-11-15', 59990),
    (244, 244, 1, 1, '244-21982225', '2009-07-17', '2009-07-17', 59990),
    (245, 245, 2, 2, '245-33873668', '2017-08-11', '', 17990),
    (246, 246, 2, 2, '246-26832630', '2019-09-10', '', 59990),
    (247, 247, 1, 1, '247-28581739', '2009-12-05', '2009-12-05', 17990),
    (248, 248, 1, 1, '248-29272509', '2009-04-26', '2009-04-26', 59990),
    (249, 249, 1, 1, '249-26820323', '2005-06-25', '2005-06-25', 19790),
    (250, 250, 2, 2, '250-26302742', '2014-01-21', '', 105990),
    (251, 251, 2, 2, '251-29430602', '2015-06-05', '', 105990),
    (252, 252, 2, 1, '252-29837148', '2015-12-14', '2015-12-14', 59990),
    (253, 253, 1, 1, '253-33223180', '2015-10-12', '2015-10-12', 105990),
    (254, 254, 2, 2, '254-24446043', '2016-11-21', '', 13490),
    (255, 255, 1, 1, '255-25939346', '2014-03-27', '2014-03-27', 13490),
    (256, 256, 1, 1, '256-35656965', '2009-06-22', '2009-06-22', 59990),
    (257, 257, 1, 1, '257-22119494', '2017-05-04', '2017-05-04', 59990),
    (258, 258, 1, 1, '258-32827851', '2007-12-21', '2007-12-21', 19790),
    (259, 259, 2, 2, '259-30770093', '2017-01-10', '', 19790),
    (260, 260, 1, 1, '260-28964652', '2005-05-24', '2005-05-24', 105990),
    (261, 261, 1, 1, '261-25012370', '2019-05-20', '2019-05-20', 13490),
    (262, 262, 2, 1, '262-23641287', '2018-04-24', '2018-04-24', 19790),
    (263, 263, 2, 2, '263-24187226', '2005-10-20', '', 105990),
    (264, 264, 2, 1, '264-23481548', '2007-01-13', '2007-01-13', 105990),
    (265, 265, 2, 1, '265-25563989', '2009-12-09', '2009-12-09', 13490),
    (266, 266, 2, 1, '266-24836606', '2005-06-18', '2005-06-18', 19790),
    (267, 267, 1, 1, '267-26350040', '2005-12-22', '2005-12-22', 13490),
    (268, 268, 2, 2, '268-23811110', '2008-08-07', '', 105990),
    (269, 269, 1, 1, '269-22475986', '2019-02-03', '2019-02-03', 105990),
    (270, 270, 2, 1, '270-24908002', '2011-03-29', '2011-03-29', 19790),
    (271, 271, 1, 1, '271-33249040', '2015-05-03', '2015-05-03', 105990),
    (272, 272, 1, 1, '272-25850855', '2008-06-05', '2008-06-05', 105990),
    (273, 273, 1, 1, '273-27150353', '2017-07-10', '2017-07-10', 105990),
    (274, 274, 2, 1, '274-31876333', '2009-05-10', '2009-05-10', 9990),
    (275, 275, 2, 1, '275-32694892', '2012-03-11', '2012-03-11', 9990),
    (276, 276, 2, 1, '276-29935531', '2006-05-30', '2006-05-30', 17990),
    (277, 277, 1, 1, '277-33836367', '2010-01-05', '2010-01-05', 19790),
    (278, 278, 2, 2, '278-31815980', '2006-04-14', '', 105990),
    (279, 279, 2, 2, '279-29575932', '2015-12-17', '', 59990),
    (280, 280, 1, 1, '280-28181806', '2006-06-03', '2006-06-03', 17990),
    (281, 281, 2, 2, '281-25358178', '2006-05-22', '', 9990),
    (282, 282, 2, 2, '282-22363047', '2014-09-30', '', 59990),
    (283, 283, 2, 1, '283-32696535', '2014-10-18', '2014-10-18', 9990),
    (284, 284, 2, 1, '284-33962286', '2014-12-25', '2014-12-25', 13490),
    (285, 285, 1, 1, '285-28827970', '2016-08-11', '2016-08-11', 13490),
    (286, 286, 1, 1, '286-24349236', '2017-08-21', '2017-08-21', 105990),
    (287, 287, 2, 1, '287-32926509', '2015-07-09', '2015-07-09', 17990),
    (288, 288, 1, 1, '288-30526678', '2009-03-15', '2009-03-15', 105990),
    (289, 289, 2, 2, '289-21639640', '2018-07-18', '', 59990),
    (290, 290, 2, 1, '290-32198716', '2006-02-15', '2006-02-15', 19790),
    (291, 291, 1, 1, '291-35083878', '2007-05-16', '2007-05-16', 105990),
    (292, 292, 1, 1, '292-34441953', '2008-06-11', '2008-06-11', 105990),
    (293, 293, 1, 1, '293-31753524', '2017-04-05', '2017-04-05', 19790),
    (294, 294, 1, 1, '294-32749420', '2013-12-11', '2013-12-11', 19790),
    (295, 295, 1, 1, '295-34195512', '2013-11-18', '2013-11-18', 105990),
    (296, 296, 2, 2, '296-22823504', '2011-10-26', '', 105990),
    (297, 297, 1, 1, '297-23466589', '2017-01-02', '2017-01-02', 13490),
    (298, 298, 2, 2, '298-28127326', '2010-08-28', '', 105990),
    (299, 299, 2, 1, '299-23149824', '2013-11-11', '2013-11-11', 17990),
    (300, 300, 2, 2, '300-28347277', '2011-12-16', '', 17990),
    (301, 301, 2, 1, '301-29764881', '2006-11-21', '2006-11-21', 19790),
    (302, 302, 1, 1, '302-27739354', '2015-07-11', '2015-07-11', 19790),
    (303, 303, 2, 2, '303-35602567', '2009-07-30', '', 105990),
    (304, 304, 1, 1, '304-32124816', '2009-08-20', '2009-08-20', 13490),
    (305, 305, 1, 1, '305-27341083', '2011-01-10', '2011-01-10', 59990),
    (306, 306, 2, 2, '306-31416310', '2018-04-18', '', 59990),
    (307, 307, 1, 1, '307-24157081', '2012-04-01', '2012-04-01', 17990),
    (308, 308, 2, 2, '308-23364191', '2018-01-30', '', 59990),
    (309, 309, 2, 2, '309-26584298', '2008-06-15', '', 9990),
    (310, 310, 1, 1, '310-31816938', '2018-10-29', '2018-10-29', 17990),
    (311, 311, 2, 2, '311-22095503', '2009-06-09', '', 59990),
    (312, 312, 1, 1, '312-35845101', '2005-10-02', '2005-10-02', 13490),
    (313, 313, 1, 1, '313-25377308', '2013-08-30', '2013-08-30', 59990),
    (314, 314, 1, 1, '314-29436806', '2008-01-17', '2008-01-17', 105990),
    (315, 315, 1, 1, '315-28708295', '2005-09-22', '2005-09-22', 59990),
    (316, 316, 1, 1, '316-35298043', '2009-06-12', '2009-06-12', 17990),
    (317, 317, 1, 1, '317-25971472', '2017-09-10', '2017-09-10', 9990),
    (318, 318, 1, 1, '318-34090605', '2013-10-25', '2013-10-25', 13490),
    (319, 319, 1, 1, '319-31337610', '2018-07-19', '2018-07-19', 59990),
    (320, 320, 2, 2, '320-31134435', '2007-12-26', '', 59990),
    (321, 321, 1, 1, '321-26780373', '2019-07-15', '2019-07-15', 19790),
    (322, 322, 1, 1, '322-32139419', '2009-05-20', '2009-05-20', 9990),
    (323, 323, 2, 2, '323-23933340', '2012-06-25', '', 17990),
    (324, 324, 1, 1, '324-31071135', '2016-11-29', '2016-11-29', 19790),
    (325, 325, 1, 1, '325-28422929', '2017-02-24', '2017-02-24', 59990),
    (326, 326, 2, 2, '326-33128588', '2017-07-05', '', 17990),
    (327, 327, 1, 1, '327-30835104', '2007-04-29', '2007-04-29', 19790),
    (328, 328, 2, 2, '328-34242595', '2019-06-29', '', 19790),
    (329, 329, 2, 2, '329-34624145', '2013-06-29', '', 105990),
    (330, 330, 1, 1, '330-23062106', '2016-05-14', '2016-05-14', 105990),
    (331, 331, 2, 2, '331-30165683', '2019-06-27', '', 59990),
    (332, 332, 1, 1, '332-21769459', '2005-05-31', '2005-05-31', 9990),
    (333, 333, 1, 1, '333-24222917', '2018-11-23', '2018-11-23', 19790),
    (334, 334, 1, 1, '334-25214515', '2007-03-21', '2007-03-21', 59990),
    (335, 335, 1, 1, '335-27590309', '2008-06-01', '2008-06-01', 59990),
    (336, 336, 2, 1, '336-33762587', '2019-09-16', '2019-09-16', 19790),
    (337, 337, 1, 1, '337-23308472', '2015-10-04', '2015-10-04', 105990),
    (338, 338, 1, 1, '338-33415356', '2012-09-10', '2012-09-10', 13490),
    (339, 339, 2, 2, '339-22489513', '2013-03-01', '', 105990),
    (340, 340, 2, 2, '340-21750778', '2013-08-07', '', 19790),
    (341, 341, 2, 1, '341-31181073', '2014-04-21', '2014-04-21', 19790),
    (342, 342, 2, 1, '342-25609950', '2015-05-17', '2015-05-17', 105990),
    (343, 343, 2, 2, '343-26178165', '2012-12-03', '', 19790),
    (344, 344, 1, 1, '344-32242742', '2015-05-12', '2015-05-12', 19790),
    (345, 345, 2, 1, '345-35514585', '2017-07-05', '2017-07-05', 13490),
    (346, 346, 2, 2, '346-29998297', '2014-05-03', '', 17990),
    (347, 347, 2, 2, '347-33030588', '2009-12-05', '', 13490),
    (348, 348, 2, 1, '348-33293633', '2014-07-31', '2014-07-31', 17990),
    (349, 349, 1, 1, '349-25073527', '2018-02-08', '2018-02-08', 9990),
    (350, 350, 1, 1, '350-32852028', '2006-09-13', '2006-09-13', 9990),
    (351, 351, 2, 1, '351-31732099', '2013-01-21', '2013-01-21', 13490),
    (352, 352, 2, 1, '352-30523332', '2012-09-04', '2012-09-04', 13490),
    (353, 353, 2, 1, '353-32829983', '2012-09-20', '2012-09-20', 59990),
    (354, 354, 2, 1, '354-29212220', '2017-02-26', '2017-02-26', 13490),
    (355, 355, 2, 2, '355-34511673', '2016-03-21', '', 59990),
    (356, 356, 2, 2, '356-35030697', '2010-06-02', '', 59990),
    (357, 357, 1, 1, '357-24064936', '2017-04-13', '2017-04-13', 13490),
    (358, 358, 2, 2, '358-35781181', '2014-12-17', '', 17990),
    (359, 359, 1, 1, '359-27329799', '2011-08-20', '2011-08-20', 59990),
    (360, 360, 1, 1, '360-29541167', '2015-08-20', '2015-08-20', 17990),
    (361, 361, 1, 1, '361-25860980', '2006-02-13', '2006-02-13', 17990),
    (362, 362, 2, 1, '362-27189093', '2009-01-15', '2009-01-15', 19790),
    (363, 363, 1, 1, '363-32688456', '2011-02-17', '2011-02-17', 13490),
    (364, 364, 1, 1, '364-32139997', '2017-03-10', '2017-03-10', 19790),
    (365, 365, 2, 1, '365-22176694', '2009-06-05', '2009-06-05', 59990),
    (366, 366, 1, 1, '366-25202063', '2009-10-16', '2009-10-16', 19790),
    (367, 367, 1, 1, '367-33184641', '2010-10-17', '2010-10-17', 9990),
    (368, 368, 2, 2, '368-31035250', '2019-07-13', '', 9990),
    (369, 369, 2, 1, '369-24500960', '2014-04-06', '2014-04-06', 59990),
    (370, 370, 1, 1, '370-24903407', '2005-09-20', '2005-09-20', 17990),
    (371, 371, 2, 1, '371-30648254', '2018-07-18', '2018-07-18', 59990),
    (372, 372, 2, 1, '372-31052089', '2007-03-06', '2007-03-06', 13490),
    (373, 373, 2, 2, '373-25854664', '2017-10-20', '', 17990),
    (374, 374, 1, 1, '374-25328508', '2011-11-02', '2011-11-02', 17990),
    (375, 375, 2, 1, '375-26096312', '2008-02-26', '2008-02-26', 59990),
    (376, 376, 2, 1, '376-34534602', '2019-08-21', '2019-08-21', 105990),
    (377, 377, 2, 1, '377-27706947', '2010-11-09', '2010-11-09', 19790),
    (378, 378, 1, 1, '378-29206841', '2018-03-18', '2018-03-18', 59990),
    (379, 379, 1, 1, '379-29247789', '2010-01-25', '2010-01-25', 19790),
    (380, 380, 2, 1, '380-30447209', '2011-07-06', '2011-07-06', 9990),
    (381, 381, 2, 1, '381-24529378', '2018-03-13', '2018-03-13', 59990),
    (382, 382, 2, 1, '382-24331333', '2014-02-05', '2014-02-05', 59990),
    (383, 383, 2, 1, '383-29471141', '2007-08-28', '2007-08-28', 59990),
    (384, 384, 2, 1, '384-34920532', '2005-06-19', '2005-06-19', 19790),
    (385, 385, 1, 1, '385-23187370', '2010-02-14', '2010-02-14', 9990),
    (386, 386, 2, 2, '386-27606041', '2008-09-18', '', 9990),
    (387, 387, 1, 1, '387-28394713', '2007-11-05', '2007-11-05', 17990),
    (388, 388, 2, 2, '388-28555633', '2008-05-04', '', 105990),
    (389, 389, 2, 2, '389-23565854', '2013-10-29', '', 13490),
    (390, 390, 1, 1, '390-29924637', '2010-11-13', '2010-11-13', 13490),
    (391, 391, 1, 1, '391-34052933', '2005-03-20', '2005-03-20', 9990),
    (392, 392, 1, 1, '392-33961446', '2007-11-12', '2007-11-12', 105990),
    (393, 393, 1, 1, '393-32416746', '2009-03-05', '2009-03-05', 105990),
    (394, 394, 2, 2, '394-22535601', '2008-01-22', '', 59990),
    (395, 395, 2, 2, '395-33047844', '2010-09-15', '', 17990),
    (396, 396, 1, 1, '396-30115758', '2019-01-31', '2019-01-31', 9990),
    (397, 397, 2, 2, '397-24054440', '2018-10-20', '', 105990),
    (398, 398, 2, 2, '398-35667764', '2007-06-24', '', 59990),
    (399, 399, 2, 2, '399-24460792', '2014-01-05', '', 13490),
    (400, 400, 1, 1, '400-31611547', '2006-11-09', '2006-11-09', 59990),
    (401, 401, 2, 2, '401-30322700', '2010-01-30', '', 9990),
    (402, 402, 2, 2, '402-33266711', '2019-02-02', '', 19790),
    (403, 403, 2, 1, '403-31826483', '2012-07-17', '2012-07-17', 105990),
    (404, 404, 1, 1, '404-24280227', '2012-09-14', '2012-09-14', 19790),
    (405, 405, 1, 1, '405-27899330', '2009-08-12', '2009-08-12', 19790),
    (406, 406, 1, 1, '406-22051134', '2019-08-14', '2019-08-14', 17990),
    (407, 407, 1, 1, '407-24990210', '2008-10-14', '2008-10-14', 9990),
    (408, 408, 2, 1, '408-31674194', '2012-04-07', '2012-04-07', 105990),
    (409, 409, 2, 1, '409-29310665', '2018-08-20', '2018-08-20', 59990),
    (410, 410, 2, 2, '410-29181416', '2014-07-15', '', 17990),
    (411, 411, 2, 1, '411-22240754', '2010-12-25', '2010-12-25', 13490),
    (412, 412, 2, 1, '412-22507184', '2015-08-27', '2015-08-27', 19790),
    (413, 413, 1, 1, '413-27224313', '2009-06-05', '2009-06-05', 59990),
    (414, 414, 2, 2, '414-30291775', '2013-12-23', '', 105990),
    (415, 415, 1, 1, '415-25317389', '2019-08-25', '2019-08-25', 13490),
    (416, 416, 2, 1, '416-35144460', '2005-08-21', '2005-08-21', 13490),
    (417, 417, 2, 1, '417-33355851', '2010-12-28', '2010-12-28', 59990),
    (418, 418, 1, 1, '418-26476108', '2010-06-01', '2010-06-01', 9990),
    (419, 419, 1, 1, '419-22940384', '2014-03-21', '2014-03-21', 59990),
    (420, 420, 2, 1, '420-34243738', '2013-04-13', '2013-04-13', 13490),
    (421, 421, 2, 1, '421-34975918', '2008-01-29', '2008-01-29', 59990),
    (422, 422, 2, 1, '422-28001365', '2006-06-04', '2006-06-04', 105990),
    (423, 423, 2, 1, '423-32889710', '2012-01-27', '2012-01-27', 13490),
    (424, 424, 2, 2, '424-26683273', '2019-04-29', '', 19790),
    (425, 425, 1, 1, '425-26217224', '2007-05-22', '2007-05-22', 105990),
    (426, 426, 2, 2, '426-29993850', '2018-04-07', '', 19790),
    (427, 427, 1, 1, '427-30508536', '2006-05-16', '2006-05-16', 9990),
    (428, 428, 2, 1, '428-27238336', '2008-09-04', '2008-09-04', 105990),
    (429, 429, 1, 1, '429-23727952', '2016-08-31', '2016-08-31', 9990),
    (430, 430, 2, 1, '430-28441939', '2006-03-08', '2006-03-08', 9990),
    (431, 431, 2, 1, '431-29804918', '2007-05-11', '2007-05-11', 59990),
    (432, 432, 1, 1, '432-27234482', '2010-11-04', '2010-11-04', 59990),
    (433, 433, 2, 2, '433-22516404', '2007-03-16', '', 9990),
    (434, 434, 1, 1, '434-23641660', '2016-10-17', '2016-10-17', 105990),
    (435, 435, 2, 1, '435-24891157', '2017-11-05', '2017-11-05', 59990),
    (436, 436, 1, 1, '436-22687799', '2013-09-09', '2013-09-09', 105990),
    (437, 437, 2, 1, '437-26180659', '2013-08-25', '2013-08-25', 19790),
    (438, 438, 2, 1, '438-31543265', '2007-11-28', '2007-11-28', 105990),
    (439, 439, 1, 1, '439-28289306', '2008-01-06', '2008-01-06', 19790),
    (440, 440, 1, 1, '440-24975618', '2006-10-27', '2006-10-27', 105990),
    (441, 441, 2, 2, '441-29522176', '2013-10-09', '', 17990),
    (442, 442, 2, 1, '442-26018942', '2015-01-25', '2015-01-25', 9990),
    (443, 443, 2, 2, '443-23998234', '2017-10-31', '', 19790),
    (444, 444, 2, 1, '444-34284137', '2016-06-22', '2016-06-22', 13490),
    (445, 445, 2, 2, '445-30723194', '2011-09-28', '', 105990),
    (446, 446, 1, 1, '446-35175413', '2011-08-19', '2011-08-19', 105990),
    (447, 447, 2, 2, '447-31374913', '2015-06-13', '', 9990),
    (448, 448, 1, 1, '448-27490749', '2018-02-03', '2018-02-03', 105990),
    (449, 449, 1, 1, '449-23580353', '2006-09-25', '2006-09-25', 17990),
    (450, 450, 1, 1, '450-22928112', '2010-12-25', '2010-12-25', 19790),
    (451, 451, 1, 1, '451-22426831', '2016-02-17', '2016-02-17', 19790),
    (452, 452, 2, 2, '452-34489976', '2012-04-15', '', 59990),
    (453, 453, 2, 1, '453-24076454', '2017-08-01', '2017-08-01', 13490),
    (454, 454, 2, 1, '454-31890753', '2014-05-26', '2014-05-26', 59990),
    (455, 455, 1, 1, '455-30040140', '2017-05-07', '2017-05-07', 59990),
    (456, 456, 2, 2, '456-30805220', '2013-02-23', '', 19790),
    (457, 457, 2, 2, '457-24075835', '2016-03-16', '', 105990),
    (458, 458, 1, 1, '458-34319576', '2017-07-10', '2017-07-10', 13490),
    (459, 459, 1, 1, '459-33159685', '2015-01-04', '2015-01-04', 19790),
    (460, 460, 1, 1, '460-28951591', '2016-01-20', '2016-01-20', 19790),
    (461, 461, 2, 1, '461-27343945', '2018-09-19', '2018-09-19', 59990),
    (462, 462, 1, 1, '462-29847567', '2014-08-22', '2014-08-22', 59990),
    (463, 463, 2, 2, '463-34087543', '2017-08-30', '', 17990),
    (464, 464, 1, 1, '464-32131104', '2006-11-20', '2006-11-20', 105990),
    (465, 465, 1, 1, '465-28120585', '2010-12-23', '2010-12-23', 59990),
    (466, 466, 2, 1, '466-25580097', '2005-05-16', '2005-05-16', 105990),
    (467, 467, 1, 1, '467-33328914', '2013-05-02', '2013-05-02', 13490),
    (468, 468, 2, 2, '468-28208489', '2012-07-01', '', 9990),
    (469, 469, 1, 1, '469-24492960', '2005-09-12', '2005-09-12', 9990),
    (470, 470, 1, 1, '470-26339297', '2016-05-19', '2016-05-19', 9990),
    (471, 471, 1, 1, '471-31349819', '2012-12-16', '2012-12-16', 59990),
    (472, 472, 2, 1, '472-24020690', '2015-07-18', '2015-07-18', 59990),
    (473, 473, 2, 2, '473-35022077', '2013-01-06', '', 9990),
    (474, 474, 2, 1, '474-28856551', '2011-10-29', '2011-10-29', 105990),
    (475, 475, 1, 1, '475-22980077', '2011-09-03', '2011-09-03', 13490),
    (476, 476, 2, 2, '476-33232788', '2009-04-28', '', 13490),
    (477, 477, 2, 2, '477-23271639', '2011-07-12', '', 19790),
    (478, 478, 1, 1, '478-26759583', '2012-05-03', '2012-05-03', 59990),
    (479, 479, 2, 1, '479-29568096', '2013-06-10', '2013-06-10', 13490),
    (480, 480, 1, 1, '480-29877912', '2014-10-28', '2014-10-28', 105990),
    (481, 481, 2, 1, '481-23762518', '2008-03-22', '2008-03-22', 59990),
    (482, 482, 2, 1, '482-23184389', '2007-04-10', '2007-04-10', 13490),
    (483, 483, 1, 1, '483-24726328', '2010-07-23', '2010-07-23', 13490),
    (484, 484, 1, 1, '484-30084737', '2012-04-04', '2012-04-04', 17990),
    (485, 485, 2, 1, '485-35829579', '2012-03-06', '2012-03-06', 19790),
    (486, 486, 1, 1, '486-33544021', '2016-12-19', '2016-12-19', 17990),
    (487, 487, 1, 1, '487-34020670', '2018-10-08', '2018-10-08', 105990),
    (488, 488, 2, 1, '488-28554750', '2010-10-10', '2010-10-10', 17990),
    (489, 489, 1, 1, '489-28952268', '2006-05-23', '2006-05-23', 9990),
    (490, 490, 1, 1, '490-33791822', '2009-05-28', '2009-05-28', 17990),
    (491, 491, 1, 1, '491-21825379', '2017-11-29', '2017-11-29', 59990),
    (492, 492, 2, 1, '492-33308410', '2014-07-01', '2014-07-01', 9990),
    (493, 493, 2, 1, '493-26530027', '2006-09-28', '2006-09-28', 13490),
    (494, 494, 2, 1, '494-35119113', '2008-10-09', '2008-10-09', 9990),
    (495, 495, 2, 1, '495-27735192', '2005-02-19', '2005-02-19', 13490),
    (496, 496, 2, 2, '496-25687232', '2019-04-14', '', 9990),
    (497, 497, 2, 1, '497-31168913', '2018-01-22', '2018-01-22', 19790),
    (498, 498, 1, 1, '498-34146754', '2011-10-14', '2011-10-14', 17990),
    (499, 499, 2, 2, '499-34522253', '2019-02-20', '', 13490),
    (500, 500, 2, 2, '500-29557081', '2010-02-06', '', 13490),
    (501, 501, 2, 2, '501-22456793', '2018-12-11', '', 9990),
    (502, 502, 1, 1, '502-23700109', '2018-03-25', '2018-03-25', 59990),
    (503, 503, 1, 1, '503-34543258', '2011-01-23', '2011-01-23', 13490),
    (504, 504, 2, 1, '504-22779995', '2015-03-08', '2015-03-08', 9990),
    (505, 505, 1, 1, '505-29723098', '2009-05-14', '2009-05-14', 9990),
    (506, 506, 2, 1, '506-23167012', '2016-08-05', '2016-08-05', 105990),
    (507, 507, 1, 1, '507-32483261', '2015-01-24', '2015-01-24', 105990),
    (508, 508, 2, 1, '508-21881870', '2006-03-13', '2006-03-13', 19790),
    (509, 509, 1, 1, '509-24113530', '2015-01-23', '2015-01-23', 17990),
    (510, 510, 2, 2, '510-25627133', '2006-02-19', '', 13490),
    (511, 511, 2, 1, '511-27780638', '2010-06-17', '2010-06-17', 59990),
    (512, 512, 1, 1, '512-25324561', '2019-02-27', '2019-02-27', 59990),
    (513, 513, 2, 2, '513-34120200', '2007-12-28', '', 9990),
    (514, 514, 2, 2, '514-30069120', '2014-06-28', '', 17990),
    (515, 515, 2, 2, '515-32050242', '2013-10-18', '', 59990),
    (516, 516, 2, 2, '516-33409633', '2018-04-18', '', 19790),
    (517, 517, 2, 2, '517-24674662', '2014-10-28', '', 17990),
    (518, 518, 1, 1, '518-32440345', '2006-04-23', '2006-04-23', 17990),
    (519, 519, 1, 1, '519-27104842', '2006-02-13', '2006-02-13', 105990),
    (520, 520, 2, 1, '520-29804589', '2013-01-23', '2013-01-23', 13490),
    (521, 521, 1, 1, '521-25113145', '2011-03-04', '2011-03-04', 105990),
    (522, 522, 1, 1, '522-21871393', '2016-07-01', '2016-07-01', 19790),
    (523, 523, 2, 1, '523-29060949', '2019-07-29', '2019-07-29', 105990),
    (524, 524, 2, 1, '524-29414258', '2007-11-02', '2007-11-02', 105990),
    (525, 525, 2, 2, '525-35855124', '2008-06-17', '', 105990),
    (526, 526, 2, 2, '526-24691934', '2016-05-11', '', 59990),
    (527, 527, 2, 2, '527-25935341', '2012-01-03', '', 17990),
    (528, 528, 1, 1, '528-24166598', '2008-03-08', '2008-03-08', 59990),
    (529, 529, 2, 2, '529-22507063', '2015-02-24', '', 17990),
    (530, 530, 1, 1, '530-32510126', '2007-06-22', '2007-06-22', 17990),
    (531, 531, 1, 1, '531-33230041', '2018-11-07', '2018-11-07', 19790),
    (532, 532, 2, 2, '532-25397713', '2008-04-24', '', 13490),
    (533, 533, 1, 1, '533-23160311', '2018-05-19', '2018-05-19', 59990),
    (534, 534, 1, 1, '534-30281877', '2006-07-09', '2006-07-09', 13490),
    (535, 535, 2, 1, '535-34980321', '2010-12-07', '2010-12-07', 105990),
    (536, 536, 1, 1, '536-29841162', '2010-03-07', '2010-03-07', 59990),
    (537, 537, 1, 1, '537-31387413', '2017-09-08', '2017-09-08', 17990),
    (538, 538, 1, 1, '538-26304814', '2013-12-17', '2013-12-17', 59990),
    (539, 539, 2, 1, '539-34006213', '2019-02-19', '2019-02-19', 59990),
    (540, 540, 2, 1, '540-27907921', '2006-09-13', '2006-09-13', 105990),
    (541, 541, 1, 1, '541-30428555', '2009-09-12', '2009-09-12', 9990),
    (542, 542, 2, 2, '542-22565584', '2005-07-10', '', 105990),
    (543, 543, 2, 1, '543-35228010', '2006-03-28', '2006-03-28', 105990),
    (544, 544, 2, 1, '544-34038770', '2017-09-16', '2017-09-16', 17990),
    (545, 545, 1, 1, '545-35864939', '2015-04-19', '2015-04-19', 13490),
    (546, 546, 1, 1, '546-22847582', '2005-04-23', '2005-04-23', 59990),
    (547, 547, 1, 1, '547-30660865', '2015-10-18', '2015-10-18', 19790),
    (548, 548, 2, 1, '548-31947075', '2011-03-31', '2011-03-31', 13490),
    (549, 549, 2, 1, '549-30618286', '2014-02-17', '2014-02-17', 17990),
    (550, 550, 1, 1, '550-34812788', '2012-02-29', '2012-02-29', 13490),
    (551, 551, 2, 1, '551-22380718', '2005-04-08', '2005-04-08', 105990),
    (552, 552, 2, 2, '552-27557326', '2005-09-07', '', 59990),
    (553, 553, 2, 1, '553-26170338', '2010-05-26', '2010-05-26', 59990),
    (554, 554, 1, 1, '554-35233851', '2010-05-28', '2010-05-28', 13490),
    (555, 555, 2, 1, '555-25147360', '2016-09-08', '2016-09-08', 59990),
    (556, 556, 2, 1, '556-27437901', '2015-05-12', '2015-05-12', 105990),
    (557, 557, 2, 1, '557-23567653', '2005-07-16', '2005-07-16', 59990),
    (558, 558, 1, 1, '558-25103110', '2005-08-28', '2005-08-28', 105990),
    (559, 559, 2, 1, '559-22147584', '2005-08-07', '2005-08-07', 59990),
    (560, 560, 2, 2, '560-29581826', '2005-08-17', '', 9990),
    (561, 561, 2, 1, '561-23937713', '2006-05-09', '2006-05-09', 17990),
    (562, 562, 1, 1, '562-31661931', '2017-05-18', '2017-05-18', 9990),
    (563, 563, 2, 1, '563-34984552', '2009-10-12', '2009-10-12', 13490),
    (564, 564, 2, 2, '564-21919543', '2014-07-03', '', 13490),
    (565, 565, 2, 1, '565-27745969', '2007-06-17', '2007-06-17', 59990),
    (566, 566, 2, 1, '566-27765577', '2013-06-04', '2013-06-04', 105990),
    (567, 567, 2, 1, '567-24179813', '2018-11-24', '2018-11-24', 9990),
    (568, 568, 1, 1, '568-35325221', '2013-06-21', '2013-06-21', 105990),
    (569, 569, 2, 2, '569-22986825', '2010-05-05', '', 105990),
    (570, 570, 2, 1, '570-29600216', '2015-12-04', '2015-12-04', 105990),
    (571, 571, 2, 2, '571-27502125', '2005-04-17', '', 59990),
    (572, 572, 2, 1, '572-29199524', '2014-03-23', '2014-03-23', 105990),
    (573, 573, 1, 1, '573-23041617', '2009-01-15', '2009-01-15', 19790),
    (574, 574, 2, 2, '574-31696364', '2015-09-28', '', 105990),
    (575, 575, 2, 1, '575-32707274', '2013-11-27', '2013-11-27', 59990),
    (576, 576, 2, 2, '576-28521377', '2017-04-06', '', 105990),
    (577, 577, 2, 1, '577-31829379', '2010-07-26', '2010-07-26', 59990),
    (578, 578, 2, 1, '578-23564330', '2007-01-29', '2007-01-29', 19790),
    (579, 579, 1, 1, '579-33732383', '2012-09-07', '2012-09-07', 105990),
    (580, 580, 2, 1, '580-26619190', '2005-04-20', '2005-04-20', 59990),
    (581, 581, 1, 1, '581-27639696', '2012-12-04', '2012-12-04', 9990),
    (582, 582, 2, 1, '582-21696456', '2005-02-06', '2005-02-06', 19790),
    (583, 583, 1, 1, '583-26003577', '2009-04-25', '2009-04-25', 59990),
    (584, 584, 2, 1, '584-32848026', '2012-09-13', '2012-09-13', 105990),
    (585, 585, 2, 2, '585-32342894', '2008-11-25', '', 9990),
    (586, 586, 1, 1, '586-27640744', '2010-03-10', '2010-03-10', 105990),
    (587, 587, 1, 1, '587-27191048', '2012-06-26', '2012-06-26', 105990),
    (588, 588, 2, 1, '588-23170524', '2016-02-05', '2016-02-05', 9990),
    (589, 589, 1, 1, '589-35479325', '2009-10-10', '2009-10-10', 105990),
    (590, 590, 2, 1, '590-33579739', '2015-10-18', '2015-10-18', 9990),
    (591, 591, 2, 2, '591-28702651', '2013-09-11', '', 17990),
    (592, 592, 1, 1, '592-22197140', '2018-09-12', '2018-09-12', 17990),
    (593, 593, 2, 2, '593-27807802', '2013-06-01', '', 9990),
    (594, 594, 2, 1, '594-32359632', '2017-02-19', '2017-02-19', 13490),
    (595, 595, 1, 1, '595-32357453', '2014-12-18', '2014-12-18', 59990),
    (596, 596, 2, 1, '596-21795332', '2010-07-01', '2010-07-01', 59990),
    (597, 597, 2, 2, '597-24012696', '2006-08-12', '', 105990),
    (598, 598, 1, 1, '598-24879627', '2013-05-19', '2013-05-19', 19790),
    (599, 599, 2, 2, '599-25616857', '2014-09-06', '', 105990),
    (600, 600, 2, 2, '600-25580430', '2016-02-12', '', 105990),
    (601, 601, 2, 1, '601-28514785', '2005-05-21', '2005-05-21', 105990),
    (602, 602, 2, 2, '602-30911456', '2018-02-16', '', 19790),
    (603, 603, 2, 2, '603-31222694', '2014-05-01', '', 17990),
    (604, 604, 1, 1, '604-21672905', '2016-12-07', '2016-12-07', 105990),
    (605, 605, 1, 1, '605-34872988', '2014-08-25', '2014-08-25', 59990)
GO


PRINT ''
PRINT FORMAT(getdate(), 'dd/MM/yyyy HH:mm') + ' Reajustando fechas de activación de los telefonos.';
UPDATE cel
SET  fecha_activacion = (SELECT
    CASE 
    WHEN CONVERT(DATE, fec_venta) IS NULL THEN ''
    ELSE CONVERT(DATE, fec_venta)
    END
FROM
    venta
    INNER JOIN contrato ON venta.id_contrato=contrato.id_contrato
    INNER JOIN detalle_contrato ON contrato.id_contrato=detalle_contrato.id_contrato
WHERE detalle_contrato.id_celular=cel.id_celular)  
FROM
    dbo.celular cel;
GO

PRINT FORMAT(getdate(), 'dd/MM/yyyy HH:mm') + ' Ajustando fechas de vencimiento de los documentos.';
UPDATE doc 
 SET fec_pago = (
SELECT
    CASE 
    WHEN venta.id_metodo IN (1,2,3) THEN fec_emitido
    WHEN venta.id_metodo = 4 THEN dateadd(day,35, fec_emitido)
    WHEN venta.id_metodo = 5 THEN dateadd(day,65, fec_emitido)
    WHEN venta.id_metodo = 6 THEN dateadd(day,95, fec_emitido)
    END
FROM
    documento
    INNER JOIN venta ON documento.id_venta=venta.id_venta
WHERE documento.id_documento=doc.id_documento)
FROM
    documento doc 
WHERE doc.id_estado=2
GO

PRINT ''
PRINT FORMAT(getdate(), 'dd/MM/yyyy HH:mm') + ' Creando vista de ejemplo para empleados (dimension).';
EXEC dbo.sp_executesql @statement = N'CREATE OR ALTER   VIEW [dbo].[vwDimEmpleado] AS
SELECT        
    ID_EMPLEADO, 
    NOMBRE_EMPLEADO, 
    CONVERT(date, FEC_INGRESOEMP) AS FEC_INGRESO
FROM 
    dbo.empleado' 
GO

PRINT FORMAT(getdate(), 'dd/MM/yyyy HH:mm') + ' Creando vista de ejemplo para sucursales (dimension).';
EXEC dbo.sp_executesql @statement = N'CREATE OR ALTER   VIEW [dbo].[vwDimSucursal] AS
SELECT        
    dbo.sucursal.ID_SUCURSAL, 
    dbo.sucursal.SUCURSAL, 
    dbo.comuna.NOMBRE_COMUNA, 
    dbo.provincia.NOMBRE_PROVINCIA, 
    dbo.region.numero_region, 
    dbo.region.NOMBRE_REGION, 
    dbo.region.capital_region
FROM dbo.sucursal 
    INNER JOIN dbo.comuna ON dbo.sucursal.ID_COMUNA = dbo.comuna.ID_COMUNA 
    INNER JOIN dbo.provincia ON dbo.comuna.ID_PROVINCIA = dbo.provincia.ID_PROVINCIA 
    INNER JOIN dbo.region ON dbo.provincia.ID_REGION = dbo.region.ID_REGION' 
GO

PRINT FORMAT(getdate(), 'dd/MM/yyyy HH:mm') + ' Creando vista de ejemplo para clientes (dimension).';
EXEC dbo.sp_executesql @statement = N'CREATE OR ALTER   VIEW [dbo].[vwDimCliente] AS
SELECT        
    dbo.cliente.ID_CLIENTE, 
    dbo.cliente.NOMBRE_CLIENTE + SPACE(1) + dbo.cliente.APELLIDOS_CLIENTE AS NOMBRE_CLIENTE, 
    CONVERT(date, dbo.cliente.FECNAC_CLIENTE) AS FECNAC_CLIENTE, 
    dbo.sexo.SEXO,
    dbo.tipo_cliente.TIPO_CLIENTE, 
    dbo.empresa.NOMBRE_EMPRESA, 
    dbo.empresa.RAZONSOCIAL_EMPRESA
FROM dbo.cliente 
    INNER JOIN dbo.sexo ON dbo.cliente.ID_SEXO = dbo.sexo.ID_SEXO 
    INNER JOIN dbo.tipo_cliente ON dbo.cliente.ID_TIPO = dbo.tipo_cliente.ID_TIPO 
    INNER JOIN dbo.empresa ON dbo.cliente.ID_EMPRESA = dbo.empresa.ID_EMPRESA' 
GO

PRINT FORMAT(getdate(), 'dd/MM/yyyy HH:mm') + ' Creando vista de ejemplo para contratos (dimension).';
EXEC dbo.sp_executesql @statement = N'CREATE OR ALTER VIEW [dbo].[vwDimContrato] AS
SELECT 
    CONVERT(INT, CONVERT(VARCHAR, con.ID_CONTRATO) + CONVERT(VARCHAR, pln.ID_PLAN) + CONVERT(VARCHAR, cel.ID_CELULAR)) AS ID_CONTRATO, 
    con.FOLIO_CONTRATO, 
    CONVERT(INT, CONVERT(DATETIME,con.FEC_CONTRATO)) AS FEC_CONTRATO, 
    pln.NOMBRE_PLAN, 
    pln.COSTO_PLAN, 
    (   
        SELECT        
            COUNT(dbo.detalle_contrato.ID_PLAN)
        FROM 
            dbo.venta 
            INNER JOIN dbo.contrato ON dbo.venta.ID_CONTRATO = dbo.contrato.ID_CONTRATO 
            INNER JOIN dbo.detalle_contrato ON dbo.contrato.ID_CONTRATO = dbo.detalle_contrato.ID_CONTRATO 
        WHERE (dbo.detalle_contrato.ID_PLAN = pln.ID_PLAN) 
            AND (dbo.venta.FEC_VENTA <= vta.FEC_VENTA)
    ) AS PLANES_VENDIDOS_A_LA_FECHA, 
    cel.NRO_CELULAR, 
    CONVERT(INT, CONVERT(DATETIME,cel.fecha_activacion)) AS FECHA_ACTIVACION, 
    mdl.MODELO, 
    mrc.MARCA, 
    (
        SELECT 
            COUNT(dbo.celular.ID_MODELO) 
        FROM 
            dbo.venta AS venta_1 
            INNER JOIN dbo.contrato AS contrato_1 ON venta_1.ID_CONTRATO = contrato_1.ID_CONTRATO 
            INNER JOIN dbo.detalle_contrato AS detalle_contrato_1 ON contrato_1.ID_CONTRATO = detalle_contrato_1.ID_CONTRATO 
            INNER JOIN dbo.celular ON detalle_contrato_1.ID_CELULAR = dbo.celular.ID_CELULAR 
        WHERE (dbo.celular.ID_MODELO = mdl.ID_MODELO) 
            AND (venta_1.FEC_VENTA <= vta.FEC_VENTA)
    ) AS MODELOS_VENDIDOS_A_LA_FECHA
FROM 
    dbo.venta AS vta 
    INNER JOIN dbo.contrato AS con ON vta.ID_CONTRATO = con.ID_CONTRATO 
    INNER JOIN dbo.detalle_contrato AS det ON con.ID_CONTRATO = det.ID_CONTRATO 
    INNER JOIN dbo.plan_telefonia AS pln ON det.ID_PLAN = pln.ID_PLAN 
    INNER JOIN dbo.celular AS cel ON det.ID_CELULAR = cel.ID_CELULAR 
    INNER JOIN dbo.modelo_celular AS mdl ON cel.ID_MODELO = mdl.ID_MODELO 
    INNER JOIN dbo.marca_celular AS mrc ON mdl.ID_MARCA = mrc.ID_MARCA' 
GO

PRINT FORMAT(getdate(), 'dd/MM/yyyy HH:mm') + ' Creando vista de ejemplo para documentos (dimension).';
EXEC dbo.sp_executesql @statement = N'CREATE OR ALTER VIEW [dbo].[vwDimDocumento] AS
SELECT 
    dbo.documento.ID_DOCUMENTO, 
    dbo.documento.FOLIO_DOCUMENTO, 
    dbo.tipo_documento.TIPO_DOCUMENTO, 
    CONVERT(int, dbo.documento.FEC_EMITIDO) AS FEC_EMITIDO, 
    dbo.documento.MONTO_DOCUMENTO, 
    dbo.estado_documento.ESTADO_DOCUMENTO, 
    CONVERT(int, dbo.documento.FEC_pago) AS FEC_PAGO 
FROM 
    dbo.documento 
    INNER JOIN dbo.tipo_documento ON dbo.documento.ID_TIPO = dbo.tipo_documento.ID_TIPO 
    INNER JOIN dbo.estado_documento ON dbo.documento.ID_ESTADO = dbo.estado_documento.ID_ESTADO' 
GO

PRINT FORMAT(getdate(), 'dd/MM/yyyy HH:mm') + ' Creando vista de ejemplo para ventas (tabla de hechos).';
EXEC dbo.sp_executesql @statement = N'CREATE OR ALTER VIEW [dbo].[vwFactVenta] AS
SELECT 
    CONVERT(INT, CONVERT(DATETIME, vta.FEC_VENTA)) AS ID_FECHA, 
    emp.ID_EMPLEADO, 
    emp.ID_SUCURSAL, 
    vta.ID_CLIENTE, 
    CONVERT(int, CONVERT(varchar, con.ID_CONTRATO) + CONVERT(varchar, det.ID_PLAN)+ CONVERT(varchar, det.ID_CELULAR)) AS ID_CONTRATO, 
    dbo.documento.ID_DOCUMENTO, 
    vta.MONTO_VENTA, 
    CASE 
        WHEN dbo.documento.ID_ESTADo = 1 THEN 1 
        ELSE 0 
    END AS DOC_PAGADO,
    CASE 
        WHEN dbo.documento.ID_ESTADo = 2 THEN 1 
        ELSE 0 
    END AS DOC_VENCIDO, 
    CASE 
        WHEN dbo.documento.ID_ESTADo = 3 THEN 1 
        ELSE 0 
    END AS DOC_PENDIENTE, 
    CASE 
        WHEN dbo.documento.ID_TIPO = 1 THEN 1 
        ELSE 0 
    END AS ES_BOLETA, 
    CASE 
        WHEN dbo.documento.ID_TIPO = 2 THEN 1 
        ELSE 0 
    END AS ES_FACTURA, 
    dbo.documento.MONTO_DOCUMENTO AS MONTO_PAGADO, 
    CASE 
        WHEN dbo.cliente.ID_TIPO = 2 THEN 1 
        ELSE 0 
    END AS CLIENTE_COORPORATIVO, 
    CASE 
        WHEN (
            SELECT COUNT(id_cliente) 
            FROM dbo.venta 
            WHERE id_cliente = vta.id_cliente 
                AND fec_venta < vta.fec_venta) = 0 THEN 1 
        ELSE 0 
    END AS CLIENTE_NUEVO, 
    (SELECT COUNT(ID_CLIENTE) 
    FROM dbo.venta 
    WHERE (ID_CLIENTE = vta.ID_CLIENTE) 
        AND (FEC_VENTA < vta.FEC_VENTA)) AS CANTIDAD_COMPRAS_ANTERIORES, 
    (SELECT COUNT(ID_CONTRATO) 
    FROM dbo.detalle_contrato 
    WHERE (ID_CONTRATO = con.ID_CONTRATO)) AS CANTIDAD_DISPOSITIVOS_CONTRATADOS 
FROM dbo.venta AS vta 
    INNER JOIN dbo.empleado AS emp ON vta.ID_EMPLEADO = emp.ID_EMPLEADO 
    INNER JOIN dbo.contrato AS con ON vta.ID_CONTRATO = con.ID_CONTRATO 
    INNER JOIN dbo.detalle_contrato AS det ON con.ID_CONTRATO = det.ID_CONTRATO 
    INNER JOIN dbo.documento ON vta.ID_VENTA = dbo.documento.ID_VENTA 
    INNER JOIN dbo.cliente ON vta.ID_CLIENTE = dbo.cliente.ID_CLIENTE' 
GO

PRINT ''
PRINT FORMAT(getdate(), 'dd/MM/yyyy HH:mm') + ' Finalizando script.';

